Date,Time,DateTime,Temp_Box,Hum_Box,Temp_266,Hum_266
2021-08-03,0:00:00,03/08/21 00:00,19.83333333,47,33,67
2021-08-03,1:00:00,03/08/21 01:00,19,50,33,69.66666667
2021-08-03,2:00:00,03/08/21 02:00,18.5,53.33333333,33,72.66666667
2021-08-03,3:00:00,03/08/21 03:00,18,55.66666667,32.83333333,72.5
2021-08-03,4:00:00,03/08/21 04:00,17.33333333,58.83333333,32,75.16666667
2021-08-03,5:00:00,03/08/21 05:00,17.33333333,59.33333333,32.16666667,77.33333333
2021-08-03,6:00:00,03/08/21 06:00,16.83333333,62.83333333,32,72
2021-08-03,7:00:00,03/08/21 07:00,21,54.83333333,31.83333333,71.5
2021-08-03,8:00:00,03/08/21 08:00,28.33333333,39.5,32.33333333,67.33333333
2021-08-03,9:00:00,03/08/21 09:00,32,32.83333333,33.6,58.2
2021-08-03,10:00:00,03/08/21 10:00,34.5,28.83333333,34.83333333,53.83333333
2021-08-03,11:00:00,03/08/21 11:00,36.33333333,24.66666667,35,55.66666667
2021-08-03,12:00:00,03/08/21 12:00,38,21.66666667,35.66666667,49.66666667
2021-08-03,13:00:00,03/08/21 13:00,39.5,19.83333333,36,48.16666667
2021-08-03,14:00:00,03/08/21 14:00,40,22.5,36.33333333,45.16666667
2021-08-03,15:00:00,03/08/21 15:00,41.33333333,20.16666667,37,47
2021-08-03,16:00:00,03/08/21 16:00,40.66666667,21.16666667,36.83333333,49.33333333
2021-08-03,17:00:00,03/08/21 17:00,38.33333333,19.33333333,36,48.83333333
2021-08-03,18:00:00,03/08/21 18:00,35.66666667,25.5,35.66666667,53.66666667
2021-08-03,19:00:00,03/08/21 19:00,31.16666667,31.16666667,35,51.33333333
2021-08-03,20:00:00,03/08/21 20:00,28,37.66666667,34,54
2021-08-03,21:00:00,03/08/21 21:00,25.5,44.33333333,34,59.66666667
2021-08-03,22:00:00,03/08/21 22:00,23,49.5,33.83333333,60
2021-08-03,23:00:00,03/08/21 23:00,22,55.33333333,33.16666667,64.16666667
2021-08-05,0:00:00,05/08/21 00:00,24,42.66666667,32.66666667,63
2021-08-05,1:00:00,05/08/21 01:00,24,43.66666667,33,66.33333333
2021-08-05,2:00:00,05/08/21 02:00,24,46,32.83333333,68
2021-08-05,3:00:00,05/08/21 03:00,24,50.5,32.66666667,66.83333333
2021-08-05,4:00:00,05/08/21 04:00,24,52.83333333,32.16666667,68.66666667
2021-08-05,5:00:00,05/08/21 05:00,24,53,32,69.16666667
2021-08-05,6:00:00,05/08/21 06:00,24,54,32,68.83333333
2021-08-05,7:00:00,05/08/21 07:00,24,54.33333333,32,68.66666667
2021-08-05,8:00:00,05/08/21 08:00,26,49.33333333,32.83333333,64.16666667
2021-08-05,9:00:00,05/08/21 09:00,30.5,45.33333333,33.83333333,60.66666667
2021-08-05,10:00:00,05/08/21 10:00,32.5,42.16666667,34.66666667,56.83333333
2021-08-05,11:00:00,05/08/21 11:00,35.5,37,35.5,52.66666667
2021-08-05,12:00:00,05/08/21 12:00,38.33333333,29.16666667,36.5,43.83333333
2021-08-05,13:00:00,05/08/21 13:00,40,28.66666667,37,43.66666667
2021-08-05,14:00:00,05/08/21 14:00,40.16666667,29.16666667,37,43.16666667
2021-08-05,15:00:00,05/08/21 15:00,40,26,37,41.5
2021-08-05,16:00:00,05/08/21 16:00,39,26.33333333,37,40
2021-08-05,17:00:00,05/08/21 17:00,37.5,27.33333333,36.16666667,41.16666667
2021-08-05,18:00:00,05/08/21 18:00,34.16666667,32.33333333,35.83333333,41.83333333
2021-08-05,19:00:00,05/08/21 19:00,30.33333333,38.33333333,34.5,44.83333333
2021-08-05,20:00:00,05/08/21 20:00,27.16666667,46.33333333,33.33333333,45.16666667
2021-08-05,21:00:00,05/08/21 21:00,24.66666667,52.83333333,33,50
2021-08-05,22:00:00,05/08/21 22:00,22.66666667,57,32.8,54.2
2021-08-05,23:00:00,05/08/21 23:00,21.66666667,63.33333333,33,56.16666667
2021-08-06,0:00:00,06/08/21 00:00,20.33333333,67.66666667,32.83333333,57.83333333
2021-08-06,1:00:00,06/08/21 01:00,20,71,33,61
2021-08-06,2:00:00,06/08/21 02:00,19.33333333,75.66666667,33,62
2021-08-06,3:00:00,06/08/21 03:00,18.33333333,78.83333333,32.66666667,60.16666667
2021-08-06,4:00:00,06/08/21 04:00,18,81.66666667,32.16666667,63.66666667
2021-08-06,5:00:00,06/08/21 05:00,17,83.16666667,32,64.5
2021-08-06,6:00:00,06/08/21 06:00,17,86.5,32,66.66666667
2021-08-06,7:00:00,06/08/21 07:00,19.66666667,82.66666667,32,64.83333333
2021-08-06,8:00:00,06/08/21 08:00,24.66666667,66.66666667,33,61.33333333
2021-08-06,9:00:00,06/08/21 09:00,28.33333333,55.66666667,33.66666667,60.16666667
2021-08-06,10:00:00,06/08/21 10:00,30.83333333,47.83333333,34.66666667,55.33333333
2021-08-06,11:00:00,06/08/21 11:00,33,41.66666667,35.66666667,47.83333333
2021-08-06,12:00:00,06/08/21 12:00,34.83333333,37.5,36.16666667,43.66666667
2021-08-06,13:00:00,06/08/21 13:00,36.66666667,34.16666667,36.66666667,42.66666667
2021-08-06,14:00:00,06/08/21 14:00,37.16666667,34.33333333,37,43.66666667
2021-08-06,15:00:00,06/08/21 15:00,36.66666667,33,37,42
2021-08-06,16:00:00,06/08/21 16:00,36.33333333,35,36.33333333,43
2021-08-06,17:00:00,06/08/21 17:00,34.33333333,37.83333333,36,43.33333333
2021-08-06,18:00:00,06/08/21 18:00,31,43,35.33333333,43.83333333
2021-08-06,19:00:00,06/08/21 19:00,27.16666667,51.5,34.16666667,48.5
2021-08-06,20:00:00,06/08/21 20:00,24.33333333,60.33333333,33.16666667,49.83333333
2021-08-06,21:00:00,06/08/21 21:00,22.16666667,65.5,32.66666667,51.16666667
2021-08-06,22:00:00,06/08/21 22:00,20.83333333,72.66666667,33,55.33333333
2021-08-06,23:00:00,06/08/21 23:00,20,76.5,32.66666667,57.66666667
2021-08-07,0:00:00,07/08/21 00:00,19.16666667,80.5,32.5,60.66666667
2021-08-07,1:00:00,07/08/21 01:00,17.83333333,83.83333333,32.16666667,61.5
2021-08-07,2:00:00,07/08/21 02:00,17,85,32,61.83333333
2021-08-07,3:00:00,07/08/21 03:00,16,88.66666667,32,61.5
2021-08-07,4:00:00,07/08/21 04:00,16,89.5,32,62.16666667
2021-08-07,5:00:00,07/08/21 05:00,15.16666667,90.83333333,31.33333333,60.5
2021-08-07,6:00:00,07/08/21 06:00,15.16666667,91.66666667,31,60.16666667
2021-08-07,7:00:00,07/08/21 07:00,17.66666667,90.83333333,31.33333333,60.16666667
2021-08-07,8:00:00,07/08/21 08:00,23.33333333,73.5,32.16666667,58.83333333
2021-08-07,9:00:00,07/08/21 09:00,26.83333333,61,33.33333333,61
2021-08-07,10:00:00,07/08/21 10:00,30,50.83333333,34,58
2021-08-07,11:00:00,07/08/21 11:00,32.33333333,44.16666667,35.16666667,51.66666667
2021-08-07,12:00:00,07/08/21 12:00,34.33333333,40,36,45.66666667
2021-08-07,13:00:00,07/08/21 13:00,36.83333333,33.16666667,36.33333333,42.16666667
2021-08-07,14:00:00,07/08/21 14:00,38.5,27.83333333,36.83333333,40.83333333
2021-08-07,15:00:00,07/08/21 15:00,37.83333333,29.83333333,37,40.66666667
2021-08-07,16:00:00,07/08/21 16:00,36.5,33.83333333,36.66666667,40.83333333
2021-08-07,17:00:00,07/08/21 17:00,34.16666667,36.5,36,42.66666667
2021-08-07,18:00:00,07/08/21 18:00,30.66666667,42.33333333,35.33333333,42.83333333
2021-08-07,19:00:00,07/08/21 19:00,26.66666667,50.5,34.66666667,52.16666667
2021-08-07,20:00:00,07/08/21 20:00,24,57.33333333,34,56.83333333
2021-08-07,21:00:00,07/08/21 21:00,21.83333333,63.5,34,59.33333333
2021-08-07,22:00:00,07/08/21 22:00,20.66666667,69,34,59
2021-08-07,23:00:00,07/08/21 23:00,19.5,74.5,33.16666667,58.66666667
2021-08-08,0:00:00,08/08/21 00:00,18.66666667,79.5,33,60.16666667
2021-08-08,1:00:00,08/08/21 01:00,17.33333333,83,32.5,60.5
2021-08-08,2:00:00,08/08/21 02:00,17,84.83333333,32.16666667,61.5
2021-08-08,3:00:00,08/08/21 03:00,16.33333333,88.33333333,32,61.33333333
2021-08-08,4:00:00,08/08/21 04:00,16,89.5,32,62.66666667
2021-08-08,5:00:00,08/08/21 05:00,16,90.16666667,31.83333333,59.16666667
2021-08-08,6:00:00,08/08/21 06:00,15.83333333,91.33333333,31.16666667,63
2021-08-08,7:00:00,08/08/21 07:00,18.5,89.66666667,31.83333333,61.66666667
2021-08-08,8:00:00,08/08/21 08:00,24.16666667,71,32,61
2021-08-08,9:00:00,08/08/21 09:00,27,58.83333333,33.16666667,61.16666667
2021-08-08,10:00:00,08/08/21 10:00,28.5,53.5,34,57.6
2021-08-08,11:00:00,08/08/21 11:00,30,48.66666667,35,55.5
2021-08-08,12:00:00,08/08/21 12:00,32.33333333,41.33333333,35.33333333,47.33333333
2021-08-08,13:00:00,08/08/21 13:00,34.5,36.33333333,36,43.66666667
2021-08-08,14:00:00,08/08/21 14:00,35.83333333,33,36,42.5
2021-08-08,15:00:00,08/08/21 15:00,36.83333333,29.83333333,36,42.83333333
2021-08-08,16:00:00,08/08/21 16:00,38,28.5,36.16666667,43.16666667
2021-08-08,17:00:00,08/08/21 17:00,37,29.33333333,36,44.66666667
2021-08-08,18:00:00,08/08/21 18:00,33.33333333,33.5,35.66666667,41.5
2021-08-08,19:00:00,08/08/21 19:00,27.66666667,43.66666667,34,44.33333333
2021-08-08,20:00:00,08/08/21 20:00,25.66666667,50.33333333,33.33333333,47.16666667
2021-08-08,21:00:00,08/08/21 21:00,23,58.16666667,33,51.83333333
2021-08-08,22:00:00,08/08/21 22:00,21.33333333,64.5,32.83333333,54.66666667
2021-08-08,23:00:00,08/08/21 23:00,20,71.83333333,32.66666667,57.66666667
2021-08-09,0:00:00,09/08/21 00:00,18.83333333,78.16666667,32,59.16666667
2021-08-09,1:00:00,09/08/21 01:00,18,83.5,32,62.66666667
2021-08-09,2:00:00,09/08/21 02:00,17.33333333,85.5,32,63.33333333
2021-08-09,3:00:00,09/08/21 03:00,17,89,32,62.83333333
2021-08-09,4:00:00,09/08/21 04:00,16.5,90.83333333,31.83333333,62.83333333
2021-08-09,5:00:00,09/08/21 05:00,16.16666667,91.5,31.16666667,63
2021-08-09,6:00:00,09/08/21 06:00,16,91.83333333,31.33333333,63.83333333
2021-08-09,7:00:00,09/08/21 07:00,18.66666667,89.16666667,31.5,65.33333333
2021-08-09,8:00:00,09/08/21 08:00,24.5,69.5,32,63
2021-08-09,9:00:00,09/08/21 09:00,27.33333333,59.5,32.83333333,62.16666667
2021-08-09,10:00:00,09/08/21 10:00,29,52.33333333,33.83333333,60.16666667
2021-08-09,11:00:00,09/08/21 11:00,31.66666667,45.16666667,34.66666667,54.83333333
2021-08-09,12:00:00,09/08/21 12:00,33.5,38.66666667,35.66666667,46.5
2021-08-09,13:00:00,09/08/21 13:00,36,31.66666667,36,43
2021-08-09,14:00:00,09/08/21 14:00,37.33333333,30.5,36,42.5
2021-08-09,15:00:00,09/08/21 15:00,37.5,30,36.33333333,44
2021-08-09,16:00:00,09/08/21 16:00,37.33333333,29,36.5,44.83333333
2021-08-09,17:00:00,09/08/21 17:00,35.33333333,28.66666667,36,42
2021-08-09,18:00:00,09/08/21 18:00,32.66666667,31.5,35.33333333,39.66666667
2021-08-09,19:00:00,09/08/21 19:00,28.66666667,39.33333333,34.16666667,41.83333333
2021-08-09,20:00:00,09/08/21 20:00,25.66666667,47.83333333,34,49.83333333
2021-08-09,21:00:00,09/08/21 21:00,24,55.5,33.83333333,57.66666667
2021-08-09,22:00:00,09/08/21 22:00,22.33333333,64.33333333,33.5,60.16666667
2021-08-09,23:00:00,09/08/21 23:00,21.16666667,66.83333333,33.16666667,61
2021-08-10,0:00:00,10/08/21 00:00,20,72.16666667,33,61
2021-08-10,1:00:00,10/08/21 01:00,19.16666667,75.33333333,33,60.33333333
2021-08-10,2:00:00,10/08/21 02:00,19,79.33333333,32.5,61.5
2021-08-10,3:00:00,10/08/21 03:00,18.83333333,80.66666667,32,61.83333333
2021-08-10,4:00:00,10/08/21 04:00,18.33333333,81,32,61.5
2021-08-10,5:00:00,10/08/21 05:00,18,83.33333333,32,60.66666667
2021-08-10,6:00:00,10/08/21 06:00,18.16666667,85.16666667,32,63
2021-08-10,7:00:00,10/08/21 07:00,20.2,81,32,62.2
2021-08-10,8:00:00,10/08/21 08:00,26.33333333,59.66666667,32,61
2021-08-10,9:00:00,10/08/21 09:00,28.33333333,54.16666667,33,60.5
2021-08-10,10:00:00,10/08/21 10:00,30.66666667,46.33333333,33.83333333,56.83333333
2021-08-10,11:00:00,10/08/21 11:00,33.5,38.66666667,35,50.5
2021-08-10,12:00:00,10/08/21 12:00,35.66666667,33.33333333,35.83333333,45.33333333
2021-08-10,13:00:00,10/08/21 13:00,38.33333333,27,36,46.33333333
2021-08-10,14:00:00,10/08/21 14:00,39.83333333,25.5,36,44.33333333
2021-08-10,15:00:00,10/08/21 15:00,39,27.83333333,36.33333333,44.66666667
2021-08-10,16:00:00,10/08/21 16:00,38.83333333,26.83333333,36,46.16666667
2021-08-10,17:00:00,10/08/21 17:00,38,27.33333333,36,47
2021-08-10,18:00:00,10/08/21 18:00,34.66666667,32.66666667,35.66666667,46
2021-08-10,19:00:00,10/08/21 19:00,30.5,40.16666667,34.33333333,53.5
2021-08-10,20:00:00,10/08/21 20:00,28.16666667,44.5,34,54
2021-08-10,21:00:00,10/08/21 21:00,26.83333333,45.5,33.83333333,52.83333333
2021-08-10,22:00:00,10/08/21 22:00,26,42.16666667,33,51.66666667
2021-08-10,23:00:00,10/08/21 23:00,24.66666667,42.5,33,53.5
2021-08-11,0:00:00,11/08/21 00:00,24,51,32.66666667,52
2021-08-11,1:00:00,11/08/21 01:00,24,54.66666667,33,51
2021-08-11,2:00:00,11/08/21 02:00,22.83333333,64.5,33,52.83333333
2021-08-11,3:00:00,11/08/21 03:00,22,69.16666667,32.83333333,55.66666667
2021-08-11,4:00:00,11/08/21 04:00,22,70.66666667,33,55.83333333
2021-08-11,5:00:00,11/08/21 05:00,22,71,33,59.5
2021-08-11,6:00:00,11/08/21 06:00,22,72,33,59.16666667
2021-08-11,7:00:00,11/08/21 07:00,23.33333333,69.33333333,33,57.83333333
2021-08-11,8:00:00,11/08/21 08:00,27.83333333,54,33,57.5
2021-08-11,9:00:00,11/08/21 09:00,29.83333333,51.16666667,33.66666667,55
2021-08-11,10:00:00,11/08/21 10:00,33.66666667,42.16666667,34.66666667,53.33333333
2021-08-11,11:00:00,11/08/21 11:00,35,36.66666667,35.5,49
2021-08-11,12:00:00,11/08/21 12:00,36.16666667,36.16666667,36,47.5
2021-08-11,13:00:00,11/08/21 13:00,38.83333333,31.83333333,36.16666667,49.83333333
2021-08-11,14:00:00,11/08/21 14:00,38.66666667,29.66666667,37,45.66666667
2021-08-11,15:00:00,11/08/21 15:00,37.83333333,27.83333333,36.66666667,43.66666667
2021-08-11,16:00:00,11/08/21 16:00,34.83333333,30.16666667,35.33333333,43.5
2021-08-11,17:00:00,11/08/21 17:00,33.5,30,35,49.66666667
2021-08-11,18:00:00,11/08/21 18:00,31.66666667,31,35,49.5
2021-08-11,19:00:00,11/08/21 19:00,29,38.33333333,34.5,50.5
2021-08-11,20:00:00,11/08/21 20:00,26.66666667,43.16666667,34.16666667,53.5
2021-08-11,21:00:00,11/08/21 21:00,25.5,39,34,55.83333333
2021-08-11,22:00:00,11/08/21 22:00,24.5,42.83333333,34,58.33333333
2021-08-11,23:00:00,11/08/21 23:00,22.33333333,46.66666667,33.83333333,58.5
2021-08-12,0:00:00,12/08/21 00:00,21.33333333,52,33.16666667,60.83333333
2021-08-12,1:00:00,12/08/21 01:00,20.16666667,56.33333333,33,59.5
2021-08-12,2:00:00,12/08/21 02:00,20.33333333,58.33333333,33,58.5
2021-08-12,3:00:00,12/08/21 03:00,19.5,60.5,33,60.66666667
2021-08-12,4:00:00,12/08/21 04:00,19,62.66666667,32.33333333,60.66666667
2021-08-12,5:00:00,12/08/21 05:00,18,63.16666667,32,60.16666667
2021-08-12,6:00:00,12/08/21 06:00,18.66666667,62.5,32,60.66666667
2021-08-12,7:00:00,12/08/21 07:00,21.83333333,57.5,32,61.33333333
2021-08-12,8:00:00,12/08/21 08:00,27.4,44.2,32.2,60.8
2021-08-12,9:00:00,12/08/21 09:00,30.83333333,37.5,33.5,56
2021-08-12,10:00:00,12/08/21 10:00,34,34.16666667,34.5,53.33333333
2021-08-12,11:00:00,12/08/21 11:00,35.16666667,31.5,35.16666667,47.66666667
2021-08-12,12:00:00,12/08/21 12:00,37.16666667,29.66666667,35.33333333,46
2021-08-12,13:00:00,12/08/21 13:00,38,29.16666667,36,45
2021-08-12,14:00:00,12/08/21 14:00,38.83333333,29.5,36,46.5
2021-08-12,15:00:00,12/08/21 15:00,38.66666667,29.33333333,36,47.5
2021-08-12,16:00:00,12/08/21 16:00,37.83333333,28.33333333,36,46.83333333
2021-08-12,17:00:00,12/08/21 17:00,35.83333333,23.33333333,35.33333333,43.66666667
2021-08-12,18:00:00,12/08/21 18:00,33.16666667,22.83333333,34.5,39.66666667
2021-08-12,19:00:00,12/08/21 19:00,30,23.66666667,33.66666667,38.83333333
2021-08-12,20:00:00,12/08/21 20:00,27.5,29.66666667,32.83333333,39.66666667
2021-08-12,21:00:00,12/08/21 21:00,25.16666667,35.33333333,32,41.83333333
2021-08-12,22:00:00,12/08/21 22:00,23.16666667,38.83333333,32,46.33333333
2021-08-12,23:00:00,12/08/21 23:00,22.33333333,42.5,32,48
2021-08-13,0:00:00,13/08/21 00:00,21,46.16666667,32,54
2021-08-13,1:00:00,13/08/21 01:00,20.33333333,48.5,32,56.16666667
2021-08-13,2:00:00,13/08/21 02:00,19.33333333,52.16666667,32,58.83333333
2021-08-13,3:00:00,13/08/21 03:00,18.66666667,56.5,32,58.83333333
2021-08-13,4:00:00,13/08/21 04:00,18.16666667,58,32,59.83333333
2021-08-13,5:00:00,13/08/21 05:00,17.5,56.5,32,59.16666667
2021-08-13,6:00:00,13/08/21 06:00,17.66666667,56.5,32,58.83333333
2021-08-13,7:00:00,13/08/21 07:00,20.16666667,54.66666667,31.33333333,59.16666667
2021-08-13,8:00:00,13/08/21 08:00,26.66666667,42,32,59.83333333
2021-08-13,9:00:00,13/08/21 09:00,29.83333333,35.33333333,32.5,55.66666667
2021-08-13,10:00:00,13/08/21 10:00,32,30.66666667,34,45.83333333
2021-08-13,11:00:00,13/08/21 11:00,33.66666667,28.33333333,35,42.5
2021-08-13,12:00:00,13/08/21 12:00,35.5,28.33333333,35,44.5
2021-08-13,13:00:00,13/08/21 13:00,36.66666667,26.66666667,35.16666667,43.5
2021-08-13,14:00:00,13/08/21 14:00,37.33333333,27.16666667,35.83333333,43.5
2021-08-13,15:00:00,13/08/21 15:00,36.83333333,29,36,44.83333333
2021-08-13,16:00:00,13/08/21 16:00,36.33333333,27.16666667,36,43.83333333
2021-08-13,17:00:00,13/08/21 17:00,34.66666667,26.16666667,35,40.33333333
2021-08-13,18:00:00,13/08/21 18:00,31.16666667,31.66666667,34.83333333,39
2021-08-13,19:00:00,13/08/21 19:00,28,35,34,38.66666667
2021-08-13,20:00:00,13/08/21 20:00,25.33333333,40.5,33,40.16666667
2021-08-13,21:00:00,13/08/21 21:00,24,40.66666667,33,43
2021-08-13,22:00:00,13/08/21 22:00,22.66666667,48.33333333,32.66666667,45.5
2021-08-13,23:00:00,13/08/21 23:00,22,48.83333333,33,49
2021-08-14,0:00:00,14/08/21 00:00,21.66666667,52.5,33,51.33333333
2021-08-14,1:00:00,14/08/21 01:00,21,54.83333333,33,55.33333333
2021-08-14,2:00:00,14/08/21 02:00,20,57,33,58.83333333
2021-08-14,3:00:00,14/08/21 03:00,19.5,58,33,60
2021-08-14,4:00:00,14/08/21 04:00,19,59.83333333,33,60.33333333
2021-08-14,5:00:00,14/08/21 05:00,18.5,60.66666667,32.5,60.33333333
2021-08-14,6:00:00,14/08/21 06:00,18,61.66666667,32,58.83333333
2021-08-14,7:00:00,14/08/21 07:00,20.66666667,59,32,60.16666667
2021-08-14,8:00:00,14/08/21 08:00,25.66666667,51,32.16666667,60.66666667
2021-08-14,9:00:00,14/08/21 09:00,28.5,42,33.16666667,56.83333333
2021-08-14,10:00:00,14/08/21 10:00,29.83333333,38,34,53.5
2021-08-14,11:00:00,14/08/21 11:00,33.33333333,32.83333333,34.66666667,50
2021-08-14,12:00:00,14/08/21 12:00,35.16666667,30.66666667,35,45
2021-08-14,13:00:00,14/08/21 13:00,33.16666667,34,34.66666667,42.33333333
2021-08-14,14:00:00,14/08/21 14:00,36,30.66666667,34.5,45.33333333
2021-08-14,15:00:00,14/08/21 15:00,37.5,27.66666667,35.83333333,45
2021-08-14,16:00:00,14/08/21 16:00,35.66666667,33.5,35.5,43.66666667
2021-08-14,17:00:00,14/08/21 17:00,35,34.16666667,35,43.16666667
2021-08-14,18:00:00,14/08/21 18:00,30.33333333,39.66666667,34,42.33333333
2021-08-14,19:00:00,14/08/21 19:00,28,42,33.66666667,43
2021-08-14,20:00:00,14/08/21 20:00,26,48.5,32.66666667,43.83333333
2021-08-14,21:00:00,14/08/21 21:00,24.33333333,56,32,45.83333333
2021-08-14,22:00:00,14/08/21 22:00,23.66666667,60,32.33333333,51
2021-08-14,23:00:00,14/08/21 23:00,22.66666667,65,32,50.66666667
2021-08-15,0:00:00,15/08/21 00:00,21.33333333,69,32,53.16666667
2021-08-15,1:00:00,15/08/21 01:00,20.16666667,73,32,55.66666667
2021-08-15,2:00:00,15/08/21 02:00,20,76.66666667,32,60.16666667
2021-08-15,3:00:00,15/08/21 03:00,20,77,32,61
2021-08-15,4:00:00,15/08/21 04:00,19.83333333,78.5,32,60
2021-08-15,5:00:00,15/08/21 05:00,19,80,32,61.16666667
2021-08-15,6:00:00,15/08/21 06:00,19,80.5,32,62.75
2021-08-15,7:00:00,15/08/21 07:00,21,75.6,32,60.4
2021-08-15,8:00:00,15/08/21 08:00,25.83333333,59.66666667,32.4,59.8
2021-08-15,9:00:00,15/08/21 09:00,28.83333333,50.83333333,33.33333333,58.16666667
2021-08-15,10:00:00,15/08/21 10:00,31.33333333,44.5,34.16666667,55.66666667
2021-08-15,11:00:00,15/08/21 11:00,34.16666667,37.33333333,35,48.83333333
2021-08-15,12:00:00,15/08/21 12:00,35.5,35.66666667,35.33333333,50
2021-08-15,13:00:00,15/08/21 13:00,37.83333333,32.16666667,35.83333333,48.5
2021-08-15,14:00:00,15/08/21 14:00,39.5,30.66666667,36,48.83333333
2021-08-15,15:00:00,15/08/21 15:00,39.16666667,31.83333333,36,49
2021-08-15,16:00:00,15/08/21 16:00,39,32.16666667,36,50.83333333
2021-08-15,17:00:00,15/08/21 17:00,37.5,32.5,35.33333333,51.66666667
2021-08-15,18:00:00,15/08/21 18:00,34.5,36.5,34.83333333,47.5
2021-08-15,19:00:00,15/08/21 19:00,30.66666667,43.5,34,46.66666667
2021-08-15,20:00:00,15/08/21 20:00,28.16666667,48.5,33,46.5
2021-08-15,21:00:00,15/08/21 21:00,26.16666667,52.33333333,33,54.16666667
2021-08-15,22:00:00,15/08/21 22:00,24.66666667,57.5,33,56
2021-08-15,23:00:00,15/08/21 23:00,23.33333333,60.83333333,32.83333333,56.16666667
2021-08-16,0:00:00,16/08/21 00:00,21.83333333,66,32.16666667,57.16666667
2021-08-16,1:00:00,16/08/21 01:00,21,67.5,32,58.33333333
2021-08-16,2:00:00,16/08/21 02:00,20.5,69.16666667,32,59.83333333
2021-08-16,3:00:00,16/08/21 03:00,19.83333333,74.16666667,32,59.16666667
2021-08-16,4:00:00,16/08/21 04:00,19.16666667,77.16666667,31.66666667,58.83333333
2021-08-16,5:00:00,16/08/21 05:00,19,76,31.16666667,59.16666667
2021-08-16,6:00:00,16/08/21 06:00,19,76.83333333,31,59.33333333
2021-08-16,7:00:00,16/08/21 07:00,21.16666667,73,31.66666667,61.33333333
2021-08-16,8:00:00,16/08/21 08:00,25.66666667,59.83333333,31.83333333,61
2021-08-16,9:00:00,16/08/21 09:00,29.33333333,49.16666667,32.66666667,57.16666667
2021-08-16,10:00:00,16/08/21 10:00,30.5,46.66666667,34.16666667,52.16666667
2021-08-16,11:00:00,16/08/21 11:00,34,41,35,50
2021-08-16,12:00:00,16/08/21 12:00,36.5,36.16666667,35.5,50.16666667
2021-08-16,13:00:00,16/08/21 13:00,37.83333333,33.33333333,36,50.83333333
2021-08-16,14:00:00,16/08/21 14:00,38,35.33333333,35.83333333,52.66666667
2021-08-16,15:00:00,16/08/21 15:00,37.83333333,36.83333333,36,52.66666667
2021-08-16,16:00:00,16/08/21 16:00,36.83333333,37.16666667,35.66666667,51.66666667
2021-08-16,17:00:00,16/08/21 17:00,34.66666667,38.16666667,35,48.33333333
2021-08-16,18:00:00,16/08/21 18:00,31.33333333,45,34.16666667,47.66666667
2021-08-16,19:00:00,16/08/21 19:00,28.16666667,53,33.5,47.83333333
2021-08-16,20:00:00,16/08/21 20:00,26.5,58.83333333,32.66666667,49
2021-08-16,21:00:00,16/08/21 21:00,25,64,32.33333333,51
2021-08-16,22:00:00,16/08/21 22:00,23.66666667,69.33333333,32.33333333,54
2021-08-16,23:00:00,16/08/21 23:00,22.33333333,72.83333333,32,54.33333333
2021-08-17,0:00:00,17/08/21 00:00,22,76,32,54.5
2021-08-17,1:00:00,17/08/21 01:00,21,80.5,32.16666667,56.16666667
2021-08-17,2:00:00,17/08/21 02:00,20.66666667,82.5,32,59
2021-08-17,3:00:00,17/08/21 03:00,20,82.5,32,60
2021-08-17,4:00:00,17/08/21 04:00,20,86.33333333,32,60
2021-08-17,5:00:00,17/08/21 05:00,19.5,87.5,32,61
2021-08-17,6:00:00,17/08/21 06:00,19.5,89.16666667,32,61
2021-08-17,7:00:00,17/08/21 07:00,21.5,88.83333333,32,61.66666667
2021-08-17,8:00:00,17/08/21 08:00,25.16666667,75.66666667,33,60.33333333
2021-08-17,9:00:00,17/08/21 09:00,27.83333333,64.33333333,33.5,60.66666667
2021-08-17,10:00:00,17/08/21 10:00,30,56.16666667,34.5,56.66666667
2021-08-17,11:00:00,17/08/21 11:00,32.16666667,49.5,35,53.66666667
2021-08-17,12:00:00,17/08/21 12:00,33.5,45.33333333,36,49.66666667
2021-08-17,13:00:00,17/08/21 13:00,35,42.33333333,36,49.66666667
2021-08-17,14:00:00,17/08/21 14:00,35.66666667,40.83333333,36,50.83333333
2021-08-17,15:00:00,17/08/21 15:00,35,42.5,36,49.83333333
2021-08-17,16:00:00,17/08/21 16:00,34.66666667,42,36,49.16666667
2021-08-17,17:00:00,17/08/21 17:00,32,47.66666667,35.16666667,48.16666667
2021-08-17,18:00:00,17/08/21 18:00,28.66666667,52.5,34.66666667,48
2021-08-17,19:00:00,17/08/21 19:00,26,60.33333333,33.83333333,47.5
2021-08-17,20:00:00,17/08/21 20:00,24,68.16666667,33,49
2021-08-17,21:00:00,17/08/21 21:00,22.5,74,33,51.5
2021-08-17,22:00:00,17/08/21 22:00,21.83333333,78.83333333,33,54.16666667
2021-08-17,23:00:00,17/08/21 23:00,21,82.83333333,33,55.33333333
2021-08-18,0:00:00,18/08/21 00:00,20.33333333,86.66666667,32.66666667,56.66666667
2021-08-18,1:00:00,18/08/21 01:00,20,87,32.33333333,59.66666667
2021-08-18,2:00:00,18/08/21 02:00,20,87.16666667,32.16666667,59.83333333
2021-08-18,3:00:00,18/08/21 03:00,20.83333333,87.66666667,32.66666667,60.33333333
2021-08-18,4:00:00,18/08/21 04:00,21,88.16666667,32.83333333,59.5
2021-08-18,5:00:00,18/08/21 05:00,21,83.66666667,32.66666667,59.16666667
2021-08-18,6:00:00,18/08/21 06:00,20.66666667,82.16666667,32.83333333,62
2021-08-18,7:00:00,18/08/21 07:00,21.5,75.5,32.66666667,60.16666667
2021-08-18,8:00:00,18/08/21 08:00,23.33333333,70.16666667,33,57
2021-08-18,9:00:00,18/08/21 09:00,24.83333333,61.5,33,56.33333333
2021-08-18,10:00:00,18/08/21 10:00,25.66666667,61,33,56.66666667
2021-08-18,11:00:00,18/08/21 11:00,26.66666667,59.16666667,34,54.33333333
2021-08-18,12:00:00,18/08/21 12:00,27.83333333,55.5,34.16666667,54
2021-08-18,13:00:00,18/08/21 13:00,27.33333333,56,34.16666667,51.16666667
2021-08-18,14:00:00,18/08/21 14:00,28,56.33333333,34.66666667,50.16666667
2021-08-18,15:00:00,18/08/21 15:00,28.66666667,55.5,35.16666667,56
2021-08-18,16:00:00,18/08/21 16:00,27,59.5,35,54.33333333
2021-08-18,17:00:00,18/08/21 17:00,26.16666667,60.16666667,33.33333333,57.16666667
2021-08-18,18:00:00,18/08/21 18:00,25.83333333,61.33333333,34.66666667,54.83333333
2021-08-18,19:00:00,18/08/21 19:00,23.33333333,69.83333333,34,53.66666667
2021-08-18,20:00:00,18/08/21 20:00,22,75.66666667,34,55.83333333
2021-08-18,21:00:00,18/08/21 21:00,21,79.66666667,34,56.66666667
2021-08-18,22:00:00,18/08/21 22:00,21,82.83333333,33.33333333,59.33333333
2021-08-18,23:00:00,18/08/21 23:00,21,83.33333333,33,59.33333333
2021-08-19,0:00:00,19/08/21 00:00,20.16666667,86,33,59.66666667
2021-08-19,1:00:00,19/08/21 01:00,20.16666667,87.66666667,33,62.83333333
2021-08-19,2:00:00,19/08/21 02:00,20,88.5,33,62.66666667
2021-08-19,3:00:00,19/08/21 03:00,18.83333333,90.83333333,33,63.83333333
2021-08-19,4:00:00,19/08/21 04:00,18.5,92.16666667,33,63.83333333
2021-08-19,5:00:00,19/08/21 05:00,18,95,32.5,63.33333333
2021-08-19,6:00:00,19/08/21 06:00,18.5,95.16666667,32,63.33333333
2021-08-19,7:00:00,19/08/21 07:00,20.16666667,92.5,32,64
2021-08-19,8:00:00,19/08/21 08:00,22.66666667,82.33333333,32.16666667,62
2021-08-19,9:00:00,19/08/21 09:00,25.83333333,62,32.83333333,62.33333333
2021-08-19,10:00:00,19/08/21 10:00,27.33333333,51.66666667,33.66666667,60.33333333
2021-08-19,11:00:00,19/08/21 11:00,28.66666667,46.5,34.33333333,56.33333333
2021-08-19,12:00:00,19/08/21 12:00,30,43,35,51.16666667
2021-08-19,13:00:00,19/08/21 13:00,31.33333333,41,35,47.66666667
2021-08-19,14:00:00,19/08/21 14:00,32,38.66666667,35,49
2021-08-19,15:00:00,19/08/21 15:00,31.83333333,39.16666667,36,47.33333333
2021-08-19,16:00:00,19/08/21 16:00,31.5,42,35.5,46.33333333
2021-08-19,17:00:00,19/08/21 17:00,29.5,44.5,35,45
2021-08-19,18:00:00,19/08/21 18:00,26,52.66666667,34.33333333,46.66666667
2021-08-19,19:00:00,19/08/21 19:00,23.16666667,60,33.33333333,47.16666667
2021-08-19,20:00:00,19/08/21 20:00,21.33333333,68.66666667,33,50.5
2021-08-19,21:00:00,19/08/21 21:00,20.5,71.66666667,32,53.33333333
2021-08-19,22:00:00,19/08/21 22:00,19.33333333,75.16666667,32,55.83333333
2021-08-19,23:00:00,19/08/21 23:00,18.83333333,77.5,32,59
2021-08-20,0:00:00,20/08/21 00:00,18,83,32,60.5
2021-08-20,1:00:00,20/08/21 01:00,17.83333333,85.83333333,32,62.16666667
2021-08-20,2:00:00,20/08/21 02:00,17.16666667,86.66666667,31.83333333,62.16666667
2021-08-20,3:00:00,20/08/21 03:00,16.16666667,91,31,63
2021-08-20,4:00:00,20/08/21 04:00,16,92.16666667,31,63.5
2021-08-20,5:00:00,20/08/21 05:00,16.33333333,93.83333333,31,62.33333333
2021-08-20,6:00:00,20/08/21 06:00,17.5,92.83333333,30.83333333,61.66666667
2021-08-20,7:00:00,20/08/21 07:00,18.33333333,89.5,31,62.5
2021-08-20,8:00:00,20/08/21 08:00,19.66666667,84.5,31.16666667,62.83333333
2021-08-20,9:00:00,20/08/21 09:00,20.66666667,79,32,62.66666667
2021-08-20,10:00:00,20/08/21 10:00,21.83333333,73.5,32,62.33333333
2021-08-20,11:00:00,20/08/21 11:00,25.16666667,64.5,32.5,62
2021-08-20,12:00:00,20/08/21 12:00,28.16666667,54,33.83333333,60.66666667
2021-08-20,13:00:00,20/08/21 13:00,30.5,46.83333333,34.83333333,57.16666667
2021-08-20,14:00:00,20/08/21 14:00,31.66666667,43.5,35.33333333,52.16666667
2021-08-20,15:00:00,20/08/21 15:00,32.16666667,42,36,49.33333333
2021-08-20,16:00:00,20/08/21 16:00,31.83333333,43.66666667,35.33333333,46.5
2021-08-20,17:00:00,20/08/21 17:00,29.66666667,48.33333333,35,46.66666667
2021-08-20,18:00:00,20/08/21 18:00,26,55.16666667,34,45.33333333
2021-08-20,19:00:00,20/08/21 19:00,23.33333333,63.16666667,33,46.5
2021-08-20,20:00:00,20/08/21 20:00,21.5,66.66666667,32.83333333,51.33333333
2021-08-20,21:00:00,20/08/21 21:00,20.33333333,71.16666667,32.16666667,52.5
2021-08-20,22:00:00,20/08/21 22:00,19.5,74.5,32,57.66666667
2021-08-20,23:00:00,20/08/21 23:00,19,78.16666667,32,60.16666667
2021-08-21,0:00:00,21/08/21 00:00,18,81.5,32,61.83333333
2021-08-21,1:00:00,21/08/21 01:00,18.66666667,82.66666667,32,61.5
2021-08-21,2:00:00,21/08/21 02:00,18.83333333,81.66666667,31.5,61
2021-08-21,3:00:00,21/08/21 03:00,19,84.16666667,31.66666667,60.83333333
2021-08-21,4:00:00,21/08/21 04:00,19,83,32,60.5
2021-08-21,5:00:00,21/08/21 05:00,19,83,31.83333333,60.83333333
2021-08-21,6:00:00,21/08/21 06:00,19,84.33333333,31.83333333,60.83333333
2021-08-21,7:00:00,21/08/21 07:00,19,85.16666667,32,60.83333333
2021-08-21,8:00:00,21/08/21 08:00,20,83.83333333,32,61.5
2021-08-21,9:00:00,21/08/21 09:00,20.4,80.6,32,61.4
2021-08-21,10:00:00,21/08/21 10:00,21,79,32,61.25
2021-08-21,11:00:00,21/08/21 11:00,22.16666667,74.83333333,32,61.33333333
2021-08-21,12:00:00,21/08/21 12:00,23.33333333,68.66666667,33,62.33333333
2021-08-21,13:00:00,21/08/21 13:00,26.5,60.33333333,33.16666667,62.83333333
2021-08-21,14:00:00,21/08/21 14:00,27,56.5,34,59.33333333
2021-08-21,15:00:00,21/08/21 15:00,28.33333333,53,34.5,57.66666667
2021-08-21,16:00:00,21/08/21 16:00,28.66666667,51.83333333,35.16666667,55.83333333
2021-08-21,17:00:00,21/08/21 17:00,27.5,55.16666667,35,54
2021-08-21,18:00:00,21/08/21 18:00,24.5,59.66666667,35,54.5
2021-08-21,19:00:00,21/08/21 19:00,21.66666667,66.83333333,34.16666667,56
2021-08-21,20:00:00,21/08/21 20:00,20.16666667,69.16666667,33.5,58.66666667
2021-08-21,21:00:00,21/08/21 21:00,19.16666667,70.5,33,59
2021-08-21,22:00:00,21/08/21 22:00,18.16666667,73.5,32.5,60.66666667
2021-08-21,23:00:00,21/08/21 23:00,17.33333333,78,32,61.5
2021-08-22,0:00:00,22/08/21 00:00,17,83.5,32,62.66666667
2021-08-22,1:00:00,22/08/21 01:00,17.66666667,87.33333333,31,62.83333333
2021-08-22,2:00:00,22/08/21 02:00,18,86.66666667,31,63.83333333
2021-08-22,3:00:00,22/08/21 03:00,18.16666667,84.83333333,31,64.16666667
2021-08-22,4:00:00,22/08/21 04:00,18,83.33333333,31.66666667,65.33333333
2021-08-22,5:00:00,22/08/21 05:00,18,84.33333333,31.5,64.83333333
2021-08-22,6:00:00,22/08/21 06:00,18,83.5,31.83333333,64.5
2021-08-22,7:00:00,22/08/21 07:00,18.66666667,83.16666667,31.66666667,63.66666667
2021-08-22,8:00:00,22/08/21 08:00,19.16666667,80.33333333,31.33333333,61.83333333
2021-08-22,9:00:00,22/08/21 09:00,20,78.66666667,31.83333333,61.5
2021-08-22,10:00:00,22/08/21 10:00,21.5,72.66666667,32,61.83333333
2021-08-22,11:00:00,22/08/21 11:00,24,64,32.33333333,61.5
2021-08-22,12:00:00,22/08/21 12:00,26.5,56,33,59.33333333
2021-08-22,13:00:00,22/08/21 13:00,28.83333333,50.66666667,33.83333333,55.16666667
2021-08-22,14:00:00,22/08/21 14:00,29.66666667,46,34.66666667,52.66666667
2021-08-22,15:00:00,22/08/21 15:00,30.83333333,43.66666667,35,49.5
2021-08-22,16:00:00,22/08/21 16:00,31.83333333,43.5,35,48
2021-08-22,17:00:00,22/08/21 17:00,30.33333333,44.83333333,35,47.16666667
2021-08-22,18:00:00,22/08/21 18:00,26.5,53.33333333,34.16666667,45.5
2021-08-22,19:00:00,22/08/21 19:00,23.16666667,61.5,33,45.66666667
2021-08-22,20:00:00,22/08/21 20:00,21,68.5,32.16666667,52
2021-08-22,21:00:00,22/08/21 21:00,19.66666667,72.83333333,32,55.66666667
2021-08-22,22:00:00,22/08/21 22:00,18.83333333,73.16666667,31.83333333,58.66666667
2021-08-22,23:00:00,22/08/21 23:00,17.83333333,78.16666667,31.33333333,59.83333333
2021-08-23,0:00:00,23/08/21 00:00,16.5,82,31,61.66666667
2021-08-23,1:00:00,23/08/21 01:00,15.83333333,85,31,61.33333333
2021-08-23,2:00:00,23/08/21 02:00,15,88.16666667,30.5,60.66666667
2021-08-23,3:00:00,23/08/21 03:00,15,89.33333333,30,62.33333333
2021-08-23,4:00:00,23/08/21 04:00,14.33333333,91.83333333,30,61.83333333
2021-08-23,5:00:00,23/08/21 05:00,14,93.33333333,30,61.5
2021-08-23,6:00:00,23/08/21 06:00,14,92.5,29,59.66666667
2021-08-23,7:00:00,23/08/21 07:00,16.16666667,92.16666667,29,59.66666667
2021-08-23,8:00:00,23/08/21 08:00,20.5,77.16666667,29,60.16666667
2021-08-23,9:00:00,23/08/21 09:00,23.83333333,67,30.16666667,60.66666667
2021-08-23,10:00:00,23/08/21 10:00,25.5,59.16666667,31.5,60.16666667
2021-08-23,11:00:00,23/08/21 11:00,27.33333333,54.33333333,32.66666667,59.16666667
2021-08-23,12:00:00,23/08/21 12:00,29.16666667,50,33.83333333,58.33333333
2021-08-23,13:00:00,23/08/21 13:00,30.5,46.16666667,34.5,56.66666667
2021-08-23,14:00:00,23/08/21 14:00,31.66666667,42.33333333,35,53.5
2021-08-23,15:00:00,23/08/21 15:00,32.83333333,39.33333333,35,50.33333333
2021-08-23,16:00:00,23/08/21 16:00,33,40.25,35,49.75
2021-08-23,17:00:00,23/08/21 17:00,30.6,42.6,35,46.4
2021-08-23,18:00:00,23/08/21 18:00,27.33333333,52.5,34.16666667,44.66666667
2021-08-23,19:00:00,23/08/21 19:00,24,61.16666667,33.33333333,48.33333333
2021-08-23,20:00:00,23/08/21 20:00,22,65.5,33,56.33333333
2021-08-23,21:00:00,23/08/21 21:00,20.66666667,71.66666667,33,58.5
2021-08-23,22:00:00,23/08/21 22:00,19.5,75.5,32.33333333,59.66666667
2021-08-23,23:00:00,23/08/21 23:00,18.16666667,81.33333333,32,62.5
2021-08-24,0:00:00,24/08/21 00:00,17,84.33333333,32,63
2021-08-24,1:00:00,24/08/21 01:00,16.16666667,86.33333333,31.33333333,64.33333333
2021-08-24,2:00:00,24/08/21 02:00,16,88.16666667,31,64
2021-08-24,3:00:00,24/08/21 03:00,15.5,90.66666667,31,62.83333333
2021-08-24,4:00:00,24/08/21 04:00,15,91.33333333,30,62.66666667
2021-08-24,5:00:00,24/08/21 05:00,15,93,30,63.66666667
2021-08-24,6:00:00,24/08/21 06:00,14.83333333,94.66666667,29.66666667,62.5
2021-08-24,7:00:00,24/08/21 07:00,16,94.66666667,29,60.83333333
2021-08-24,8:00:00,24/08/21 08:00,20.66666667,83.66666667,29.5,61.33333333
2021-08-24,9:00:00,24/08/21 09:00,25,66.33333333,30.33333333,62.83333333
2021-08-24,10:00:00,24/08/21 10:00,27.66666667,57.33333333,31.6,61.2
2021-08-24,11:00:00,24/08/21 11:00,29.16666667,49.16666667,33.16666667,59.66666667
2021-08-24,12:00:00,24/08/21 12:00,32.5,41.83333333,34.16666667,58
2021-08-24,13:00:00,24/08/21 13:00,34.66666667,35.16666667,35,56
2021-08-24,14:00:00,24/08/21 14:00,35.4,31.8,35.16666667,55.33333333
2021-08-24,15:00:00,24/08/21 15:00,36.5,30.83333333,35.16666667,50.33333333
2021-08-24,16:00:00,24/08/21 16:00,35.83333333,33.66666667,35,48
2021-08-24,17:00:00,24/08/21 17:00,32.83333333,40.33333333,35,46.83333333
2021-08-24,18:00:00,24/08/21 18:00,28.83333333,47.66666667,34.16666667,44.83333333
2021-08-24,19:00:00,24/08/21 19:00,25.5,55.16666667,33.16666667,45.33333333
2021-08-24,20:00:00,24/08/21 20:00,23.33333333,61.33333333,32.83333333,48.83333333
2021-08-24,21:00:00,24/08/21 21:00,21.16666667,68.5,32,52.83333333
2021-08-24,22:00:00,24/08/21 22:00,20.16666667,73.83333333,32,58.16666667
2021-08-24,23:00:00,24/08/21 23:00,19,77.83333333,32,60.83333333
2021-08-25,0:00:00,25/08/21 00:00,18,80.33333333,32,61
2021-08-25,1:00:00,25/08/21 01:00,17.83333333,82.16666667,31.83333333,60.5
2021-08-25,2:00:00,25/08/21 02:00,17.16666667,83.33333333,31,61.16666667
2021-08-25,3:00:00,25/08/21 03:00,17,86.33333333,31,60.5
2021-08-25,4:00:00,25/08/21 04:00,17,87.33333333,31,59.5
2021-08-25,5:00:00,25/08/21 05:00,17,88,31,61.66666667
2021-08-25,6:00:00,25/08/21 06:00,17,89.33333333,30.83333333,61.5
2021-08-25,7:00:00,25/08/21 07:00,18.66666667,88.33333333,31,62.16666667
2021-08-25,8:00:00,25/08/21 08:00,23.83333333,74,31,62.66666667
2021-08-25,9:00:00,25/08/21 09:00,27.5,58.16666667,31.83333333,62.5
2021-08-25,10:00:00,25/08/21 10:00,31,45.66666667,33.16666667,59.5
2021-08-25,11:00:00,25/08/21 11:00,34,36.5,34.5,55.5
2021-08-25,12:00:00,25/08/21 12:00,36,30.16666667,35,49.83333333
2021-08-25,13:00:00,25/08/21 13:00,38,26.5,35.16666667,49.5
2021-08-25,14:00:00,25/08/21 14:00,38.33333333,25.33333333,35.83333333,49.33333333
2021-08-25,15:00:00,25/08/21 15:00,38.5,26,35.5,48.33333333
2021-08-25,16:00:00,25/08/21 16:00,38.33333333,24.5,35,47.5
2021-08-25,17:00:00,25/08/21 17:00,35.66666667,26,34.5,44.5
2021-08-25,18:00:00,25/08/21 18:00,32.83333333,30.16666667,33.83333333,44
2021-08-25,19:00:00,25/08/21 19:00,29.5,35.16666667,32.66666667,42.5
2021-08-25,20:00:00,25/08/21 20:00,26.66666667,43.16666667,31.83333333,43.5
2021-08-25,21:00:00,25/08/21 21:00,24.83333333,48.5,31.5,47.5
2021-08-25,22:00:00,25/08/21 22:00,22.83333333,54.33333333,32,52
2021-08-25,23:00:00,25/08/21 23:00,21.33333333,61,32,54.16666667
2021-08-26,0:00:00,26/08/21 00:00,20.83333333,65,31.16666667,55
2021-08-26,1:00:00,26/08/21 01:00,20,70.16666667,31,57.16666667
2021-08-26,2:00:00,26/08/21 02:00,19.83333333,69.33333333,31,56.83333333
2021-08-26,3:00:00,26/08/21 03:00,19,71.33333333,31,59.33333333
2021-08-26,4:00:00,26/08/21 04:00,19,72.33333333,31,59.5
2021-08-26,5:00:00,26/08/21 05:00,18.5,74.33333333,31,61.16666667
2021-08-26,6:00:00,26/08/21 06:00,18.33333333,73.16666667,31,60.33333333
2021-08-26,7:00:00,26/08/21 07:00,20,73.83333333,30.83333333,61.5
2021-08-26,8:00:00,26/08/21 08:00,26.33333333,51.33333333,31,62.33333333
2021-08-26,9:00:00,26/08/21 09:00,30.5,38.16666667,32,59.5
2021-08-26,10:00:00,26/08/21 10:00,33.83333333,32.83333333,33.5,57.16666667
2021-08-26,11:00:00,26/08/21 11:00,36.66666667,25.83333333,34.33333333,54.83333333
2021-08-26,12:00:00,26/08/21 12:00,38.5,20.66666667,35,54.66666667
2021-08-26,13:00:00,26/08/21 13:00,40.16666667,18.66666667,35,48.16666667
2021-08-26,14:00:00,26/08/21 14:00,40.16666667,19.66666667,35,46
2021-08-26,15:00:00,26/08/21 15:00,40.66666667,17.33333333,35,42.5
2021-08-26,16:00:00,26/08/21 16:00,40.66666667,18.5,35.16666667,40.33333333
2021-08-26,17:00:00,26/08/21 17:00,37.83333333,18.83333333,34.83333333,38.66666667
2021-08-26,18:00:00,26/08/21 18:00,33.83333333,26.66666667,34,40.66666667
2021-08-26,19:00:00,26/08/21 19:00,29.66666667,31.5,33.5,40
2021-08-26,20:00:00,26/08/21 20:00,26.5,35,32.33333333,40.83333333
2021-08-26,21:00:00,26/08/21 21:00,24.16666667,41.83333333,32,46.66666667
2021-08-26,22:00:00,26/08/21 22:00,22.33333333,45.66666667,32,49.83333333
2021-08-26,23:00:00,26/08/21 23:00,20.66666667,53.16666667,32,53
2021-08-28,0:00:00,28/08/21 00:00,20.16666667,59.66666667,31,54.33333333
2021-08-28,1:00:00,28/08/21 01:00,19.83333333,64,31,53.66666667
2021-08-28,2:00:00,28/08/21 02:00,18.83333333,67,31,56.66666667
2021-08-28,3:00:00,28/08/21 03:00,18,69.16666667,31,59.83333333
2021-08-28,4:00:00,28/08/21 04:00,18,72.5,31,60.16666667
2021-08-28,5:00:00,28/08/21 05:00,17.16666667,73.33333333,31,61.16666667
2021-08-28,6:00:00,28/08/21 06:00,17,75,30.83333333,61
2021-08-28,7:00:00,28/08/21 07:00,18.66666667,72.33333333,31,62
2021-08-28,8:00:00,28/08/21 08:00,26.5,55.5,31,60.5
2021-08-28,9:00:00,28/08/21 09:00,31.33333333,40.66666667,32.33333333,58.83333333
2021-08-28,10:00:00,28/08/21 10:00,34.33333333,31.33333333,33.66666667,56.33333333
2021-08-28,11:00:00,28/08/21 11:00,36.83333333,29.33333333,34.83333333,56.83333333
2021-08-28,12:00:00,28/08/21 12:00,38.83333333,23.5,35,50.5
2021-08-28,13:00:00,28/08/21 13:00,40.66666667,19.5,35,46.33333333
2021-08-28,14:00:00,28/08/21 14:00,40,24.83333333,35,47.66666667
2021-08-28,15:00:00,28/08/21 15:00,37.83333333,23,34.33333333,45.5
2021-08-28,16:00:00,28/08/21 16:00,38.16666667,22.33333333,34,44.16666667
2021-08-28,17:00:00,28/08/21 17:00,35.66666667,23.5,34,41.5
2021-08-28,18:00:00,28/08/21 18:00,31,28.85714286,33.71428571,45.71428571
2021-08-28,19:00:00,28/08/21 19:00,27.4,38.2,32.8,42
2021-08-28,20:00:00,28/08/21 20:00,24.83333333,47.5,32,42.5
2021-08-28,21:00:00,28/08/21 21:00,22.66666667,56.83333333,32,46.83333333
2021-08-28,22:00:00,28/08/21 22:00,21,65.83333333,32,49.5
2021-08-28,23:00:00,28/08/21 23:00,20.33333333,72.16666667,32,51
2021-08-29,0:00:00,29/08/21 00:00,19.16666667,74.5,31.83333333,55.16666667
2021-08-29,1:00:00,29/08/21 01:00,19,75.66666667,31.66666667,59.16666667
2021-08-29,2:00:00,29/08/21 02:00,19,78.33333333,32,61.16666667
2021-08-29,3:00:00,29/08/21 03:00,18.16666667,80.16666667,31.83333333,61.33333333
2021-08-29,4:00:00,29/08/21 04:00,18,80.16666667,31,59.66666667
2021-08-29,5:00:00,29/08/21 05:00,18,83,31,60.16666667
2021-08-29,6:00:00,29/08/21 06:00,18,84.16666667,31,60.66666667
2021-08-29,7:00:00,29/08/21 07:00,18,84.66666667,31,60.33333333
2021-08-29,8:00:00,29/08/21 08:00,25.16666667,68,31.33333333,61.16666667
2021-08-29,9:00:00,29/08/21 09:00,29.83333333,52.83333333,32.33333333,59.83333333
2021-08-29,10:00:00,29/08/21 10:00,33.16666667,40.83333333,34,56.16666667
2021-08-29,11:00:00,29/08/21 11:00,35.66666667,31.33333333,35,53
2021-08-29,12:00:00,29/08/21 12:00,38.33333333,24.16666667,35,48.83333333
2021-08-29,13:00:00,29/08/21 13:00,40,25.66666667,35,48.83333333
2021-08-29,14:00:00,29/08/21 14:00,39.5,28,35,48.83333333
2021-08-29,15:00:00,29/08/21 15:00,39.5,25.66666667,35,48.83333333
2021-08-29,16:00:00,29/08/21 16:00,38.83333333,28.33333333,34.83333333,51
2021-08-29,17:00:00,29/08/21 17:00,37.66666667,28.5,34.16666667,51.66666667
2021-08-29,18:00:00,29/08/21 18:00,34.33333333,31.66666667,34,50
2021-08-29,19:00:00,29/08/21 19:00,30.66666667,36.83333333,32.66666667,46.66666667
2021-08-29,20:00:00,29/08/21 20:00,27.66666667,45.16666667,31.5,46.5
2021-08-29,21:00:00,29/08/21 21:00,26.33333333,47.33333333,30.33333333,48.66666667
2021-08-29,22:00:00,29/08/21 22:00,25,52.5,30,47.66666667
2021-08-29,23:00:00,29/08/21 23:00,24.4,56.6,30,48.4
2021-08-30,0:00:00,30/08/21 00:00,23,60.75,30.5,50.75
2021-08-30,1:00:00,30/08/21 01:00,22.33333333,63.16666667,31,50.66666667
2021-08-30,2:00:00,30/08/21 02:00,22,62.66666667,30.83333333,52.5
2021-08-30,3:00:00,30/08/21 03:00,21.5,61,30.83333333,51.16666667
2021-08-30,4:00:00,30/08/21 04:00,19.5,68.66666667,31,53
2021-08-30,5:00:00,30/08/21 05:00,19,73,30.83333333,55.5
2021-08-30,6:00:00,30/08/21 06:00,19,76.5,31,57
2021-08-30,7:00:00,30/08/21 07:00,20,75.33333333,31,57.5
2021-08-30,8:00:00,30/08/21 08:00,24.66666667,64.33333333,31.16666667,58.66666667
2021-08-30,9:00:00,30/08/21 09:00,27.83333333,53.83333333,32,58.5
2021-08-30,10:00:00,30/08/21 10:00,29.33333333,48.5,33.16666667,56
2021-08-30,11:00:00,30/08/21 11:00,31.16666667,44,34,55.5
2021-08-30,12:00:00,30/08/21 12:00,34,36,35,53.66666667
2021-08-30,13:00:00,30/08/21 13:00,35.33333333,35.66666667,35,52.5
2021-08-30,14:00:00,30/08/21 14:00,36.16666667,34.16666667,35,49.33333333
2021-08-30,15:00:00,30/08/21 15:00,34.83333333,34.66666667,35,48.66666667
2021-08-30,16:00:00,30/08/21 16:00,34.75,36,34.75,48.75
2021-08-30,17:00:00,30/08/21 17:00,32.2,39,35,44.8
2021-08-30,18:00:00,30/08/21 18:00,29,46,34.16666667,45.66666667
2021-08-30,19:00:00,30/08/21 19:00,25.66666667,53.83333333,33.33333333,44.16666667
2021-08-30,20:00:00,30/08/21 20:00,23.83333333,58.66666667,32.16666667,44.83333333
2021-08-30,21:00:00,30/08/21 21:00,22.33333333,62.83333333,32,47.83333333
2021-08-30,22:00:00,30/08/21 22:00,20.83333333,69.83333333,32,52
2021-08-30,23:00:00,30/08/21 23:00,20.16666667,73.66666667,32,54.66666667
2021-08-31,0:00:00,31/08/21 00:00,19.33333333,78.33333333,32,55.66666667
2021-08-31,1:00:00,31/08/21 01:00,18.66666667,81.5,32,57.66666667
2021-08-31,2:00:00,31/08/21 02:00,18.5,84.16666667,32,59.33333333
2021-08-31,3:00:00,31/08/21 03:00,19,84.66666667,32,59.5
2021-08-31,4:00:00,31/08/21 04:00,18.5,84.66666667,31.83333333,60.16666667
2021-08-31,5:00:00,31/08/21 05:00,18.16666667,85.33333333,31.83333333,58.83333333
2021-08-31,6:00:00,31/08/21 06:00,18,87.83333333,31.5,58.66666667
2021-08-31,7:00:00,31/08/21 07:00,18.66666667,86.16666667,31.66666667,59.33333333
2021-08-31,8:00:00,31/08/21 08:00,19.66666667,85.5,32,59.5
2021-08-31,9:00:00,31/08/21 09:00,21.66666667,77,32,58.33333333
2021-08-31,10:00:00,31/08/21 10:00,23,71.5,33,58.33333333
2021-08-31,11:00:00,31/08/21 11:00,26.5,61.66666667,33.16666667,59.16666667
2021-08-31,12:00:00,31/08/21 12:00,28.33333333,57.16666667,34,57.16666667
2021-08-31,13:00:00,31/08/21 13:00,31,49.16666667,34.83333333,55
2021-08-31,14:00:00,31/08/21 14:00,30.66666667,48.83333333,35,50.5
2021-08-31,15:00:00,31/08/21 15:00,31.33333333,47.5,35,49.16666667
2021-08-31,16:00:00,31/08/21 16:00,31.83333333,43.66666667,35,49.33333333
2021-08-31,17:00:00,31/08/21 17:00,29.66666667,47,35,48.5
2021-08-31,18:00:00,31/08/21 18:00,26.16666667,53.5,34.16666667,49.33333333
2021-08-31,19:00:00,31/08/21 19:00,23.83333333,60.5,34,53.83333333
2021-08-31,20:00:00,31/08/21 20:00,22.16666667,67.33333333,33.66666667,54.16666667
2021-08-31,21:00:00,31/08/21 21:00,19.66666667,77.33333333,33,58.66666667
2021-08-31,22:00:00,31/08/21 22:00,18.5,83.66666667,33,61.33333333
2021-08-31,23:00:00,31/08/21 23:00,18.33333333,86.16666667,33,61.16666667
2021-09-03,0:00:00,03/09/21 00:00,17,85.83333333,32,66.5
2021-09-03,1:00:00,03/09/21 01:00,16.16666667,88.33333333,31.16666667,62.33333333
2021-09-03,2:00:00,03/09/21 02:00,16,92.5,30.83333333,62.33333333
2021-09-03,3:00:00,03/09/21 03:00,15.83333333,99.5,30,60.33333333
2021-09-03,4:00:00,03/09/21 04:00,15.16666667,99.5,29.83333333,62.33333333
2021-09-03,5:00:00,03/09/21 05:00,15,100,29.16666667,62.5
2021-09-03,6:00:00,03/09/21 06:00,15,100,29,61.66666667
2021-09-03,7:00:00,03/09/21 07:00,17.16666667,98,29,61.16666667
2021-09-03,8:00:00,03/09/21 08:00,23.66666667,79.5,29.16666667,64.5
2021-09-03,9:00:00,03/09/21 09:00,24.33333333,76,30.83333333,66.16666667
2021-09-03,10:00:00,03/09/21 10:00,26.33333333,68.83333333,33.16666667,63.66666667
2021-09-03,11:00:00,03/09/21 11:00,28.5,60.33333333,34.83333333,56.66666667
2021-09-03,12:00:00,03/09/21 12:00,30.5,50.5,35.83333333,52.33333333
2021-09-03,13:00:00,03/09/21 13:00,32.33333333,39.83333333,36,49
2021-09-03,14:00:00,03/09/21 14:00,33,38,35.83333333,47.83333333
2021-09-03,15:00:00,03/09/21 15:00,34.33333333,39.33333333,35,51.66666667
2021-09-03,16:00:00,03/09/21 16:00,37.5,35.66666667,35,54
2021-09-03,17:00:00,03/09/21 17:00,35.33333333,37,35,49.5
2021-09-03,18:00:00,03/09/21 18:00,30.5,47.66666667,34,43
2021-09-03,19:00:00,03/09/21 19:00,25,66.83333333,32.5,43.5
2021-09-03,20:00:00,03/09/21 20:00,22.5,76.66666667,32,52.5
2021-09-03,21:00:00,03/09/21 21:00,20.66666667,86,32,59.66666667
2021-09-03,22:00:00,03/09/21 22:00,19.83333333,88.66666667,31.33333333,62.5
2021-09-03,23:00:00,03/09/21 23:00,19,88.83333333,31,63.33333333
2021-09-04,0:00:00,04/09/21 00:00,18.33333333,91,30.66666667,61.66666667
2021-09-04,1:00:00,04/09/21 01:00,18,92.83333333,30,62.33333333
2021-09-04,2:00:00,04/09/21 02:00,17.33333333,92.33333333,30,64.33333333
2021-09-04,3:00:00,04/09/21 03:00,16.33333333,96.33333333,30,63
2021-09-04,4:00:00,04/09/21 04:00,16,98.33333333,29.5,61.66666667
2021-09-04,5:00:00,04/09/21 05:00,16,98,29,61.33333333
2021-09-04,6:00:00,04/09/21 06:00,16,100,29,59.5
2021-09-04,7:00:00,04/09/21 07:00,18.16666667,96,28.5,57.16666667
2021-09-04,8:00:00,04/09/21 08:00,26.5,69.66666667,28.83333333,62.83333333
2021-09-04,9:00:00,04/09/21 09:00,27.5,56.66666667,31.5,65.5
2021-09-04,10:00:00,04/09/21 10:00,30.16666667,50.83333333,34.16666667,55.33333333
2021-09-04,11:00:00,04/09/21 11:00,32.66666667,38.33333333,35.16666667,46.83333333
2021-09-04,12:00:00,04/09/21 12:00,34.16666667,32.5,36,44.5
2021-09-04,13:00:00,04/09/21 13:00,36,29,36,45
2021-09-04,14:00:00,04/09/21 14:00,35.66666667,29,35.83333333,45.66666667
2021-09-04,15:00:00,04/09/21 15:00,36,31.5,35,47.5
2021-09-04,16:00:00,04/09/21 16:00,39.83333333,27.16666667,35,51.83333333
2021-09-04,17:00:00,04/09/21 17:00,37.33333333,25.33333333,35,44.66666667
2021-09-04,18:00:00,04/09/21 18:00,31.83333333,27.66666667,34,35.83333333
2021-09-04,19:00:00,04/09/21 19:00,26.83333333,42.16666667,32.66666667,39.83333333
2021-09-04,20:00:00,04/09/21 20:00,23.33333333,62.16666667,32,47.16666667
2021-09-04,21:00:00,04/09/21 21:00,21.16666667,64.83333333,32,54.5
2021-09-04,22:00:00,04/09/21 22:00,20,69.66666667,31.16666667,56.33333333
2021-09-04,23:00:00,04/09/21 23:00,19.33333333,68.83333333,31,57.16666667
2021-09-05,0:00:00,05/09/21 00:00,18.66666667,72.5,30.16666667,57
2021-09-05,1:00:00,05/09/21 01:00,18.66666667,70.16666667,30,51.33333333
2021-09-05,2:00:00,05/09/21 02:00,17.83333333,67.66666667,30,56.33333333
2021-09-05,3:00:00,05/09/21 03:00,17,76.83333333,29.66666667,56.5
2021-09-05,4:00:00,05/09/21 04:00,17.4,76.4,29,56.6
2021-09-05,5:00:00,05/09/21 05:00,17,83.25,29,55.75
2021-09-05,6:00:00,05/09/21 06:00,17.16666667,83.33333333,29,58.16666667
2021-09-05,7:00:00,05/09/21 07:00,20,81.66666667,29,55
2021-09-05,8:00:00,05/09/21 08:00,28.5,46.66666667,29.66666667,58.83333333
2021-09-05,9:00:00,05/09/21 09:00,29.16666667,42.66666667,32,56.16666667
2021-09-05,10:00:00,05/09/21 10:00,31.83333333,36,34.5,49.5
2021-09-05,11:00:00,05/09/21 11:00,34,31.66666667,35.83333333,45.83333333
2021-09-05,12:00:00,05/09/21 12:00,36,29.83333333,36.33333333,43.33333333
2021-09-05,13:00:00,05/09/21 13:00,37.5,30.16666667,36.16666667,43.33333333
2021-09-05,14:00:00,05/09/21 14:00,38.83333333,28.5,36,48.33333333
2021-09-05,15:00:00,05/09/21 15:00,39.16666667,27.16666667,35.83333333,48.83333333
2021-09-05,16:00:00,05/09/21 16:00,41.66666667,26.16666667,35,47.16666667
2021-09-05,17:00:00,05/09/21 17:00,38.33333333,26.5,34.66666667,45.33333333
2021-09-05,18:00:00,05/09/21 18:00,32.66666667,32.66666667,33.66666667,49.83333333
2021-09-05,19:00:00,05/09/21 19:00,28.16666667,40.5,32.5,46
2021-09-05,20:00:00,05/09/21 20:00,25.16666667,59.66666667,31.33333333,45.5
2021-09-05,21:00:00,05/09/21 21:00,23.83333333,65.16666667,31,50.83333333
2021-09-05,22:00:00,05/09/21 22:00,22.33333333,64.16666667,31,55.16666667
2021-09-05,23:00:00,05/09/21 23:00,21.5,62.83333333,31,57.5
2021-09-06,0:00:00,06/09/21 00:00,20.66666667,64.83333333,31,59
2021-09-06,1:00:00,06/09/21 01:00,19.83333333,76.83333333,31,62
2021-09-06,2:00:00,06/09/21 02:00,19,76,30.66666667,63.16666667
2021-09-06,3:00:00,06/09/21 03:00,18.16666667,87.16666667,30.5,65.83333333
2021-09-06,4:00:00,06/09/21 04:00,18,89.5,30,64.66666667
2021-09-06,5:00:00,06/09/21 05:00,17.33333333,93.33333333,30,64.66666667
2021-09-06,6:00:00,06/09/21 06:00,17.16666667,95.66666667,29.83333333,62
2021-09-06,7:00:00,06/09/21 07:00,19.66666667,89.5,29,60.5
2021-09-06,8:00:00,06/09/21 08:00,26.16666667,68.33333333,29.66666667,65
2021-09-06,9:00:00,06/09/21 09:00,26.5,60.66666667,31.66666667,64.16666667
2021-09-06,10:00:00,06/09/21 10:00,29,54.33333333,33.66666667,56.66666667
2021-09-06,11:00:00,06/09/21 11:00,31,47,35,49.83333333
2021-09-06,12:00:00,06/09/21 12:00,33,45.16666667,35.5,49
2021-09-06,13:00:00,06/09/21 13:00,34,41.66666667,36,49.33333333
2021-09-06,14:00:00,06/09/21 14:00,35.83333333,41.83333333,35.83333333,52
2021-09-06,15:00:00,06/09/21 15:00,36.16666667,38.33333333,35,52.66666667
2021-09-06,16:00:00,06/09/21 16:00,38.5,36.83333333,35,56.16666667
2021-09-06,17:00:00,06/09/21 17:00,35.16666667,39.83333333,35,43.16666667
2021-09-06,18:00:00,06/09/21 18:00,29.66666667,50.83333333,34,44.33333333
2021-09-06,19:00:00,06/09/21 19:00,25.83333333,64.66666667,33,46.66666667
2021-09-06,20:00:00,06/09/21 20:00,24,74.16666667,32.33333333,51.16666667
2021-09-06,21:00:00,06/09/21 21:00,22.66666667,77.5,32.5,57.66666667
2021-09-06,22:00:00,06/09/21 22:00,22,82.16666667,32,61.5
2021-09-06,23:00:00,06/09/21 23:00,21,88.66666667,32,64
2021-09-07,0:00:00,07/09/21 00:00,20.33333333,95.66666667,32,66.16666667
2021-09-07,1:00:00,07/09/21 01:00,20,98.5,32,68.16666667
2021-09-07,2:00:00,07/09/21 02:00,19.66666667,99.5,32,68
2021-09-07,3:00:00,07/09/21 03:00,19,100,31,69.16666667
2021-09-07,4:00:00,07/09/21 04:00,19,100,31,70.5
2021-09-07,5:00:00,07/09/21 05:00,18.83333333,100,31,70.16666667
2021-09-07,6:00:00,07/09/21 06:00,18.83333333,100,31,70
2021-09-07,7:00:00,07/09/21 07:00,20.66666667,98.33333333,31,73.16666667
2021-09-07,8:00:00,07/09/21 08:00,26.5,77.66666667,31.33333333,72.16666667
2021-09-07,9:00:00,07/09/21 09:00,27.16666667,71.66666667,32.83333333,66.83333333
2021-09-07,10:00:00,07/09/21 10:00,28.5,64.16666667,34.33333333,61.5
2021-09-07,11:00:00,07/09/21 11:00,30.16666667,56.83333333,35.33333333,56
2021-09-07,12:00:00,07/09/21 12:00,32,52.5,36,50.16666667
2021-09-07,13:00:00,07/09/21 13:00,33.66666667,49.66666667,36,51
2021-09-07,14:00:00,07/09/21 14:00,34.83333333,46.33333333,36,51.5
2021-09-07,15:00:00,07/09/21 15:00,35.66666667,44,35.33333333,54.83333333
2021-09-07,16:00:00,07/09/21 16:00,39.5,39.83333333,35.5,52
2021-09-07,17:00:00,07/09/21 17:00,35.33333333,41.33333333,35,48
2021-09-07,18:00:00,07/09/21 18:00,30,52,34,47
2021-09-07,19:00:00,07/09/21 19:00,26.66666667,59.33333333,33.5,48.66666667
2021-09-07,20:00:00,07/09/21 20:00,25,71.5,33,53.66666667
2021-09-07,21:00:00,07/09/21 21:00,23.66666667,80.33333333,33,56.33333333
2021-09-07,22:00:00,07/09/21 22:00,22.66666667,83,33,57
2021-09-07,23:00:00,07/09/21 23:00,21.66666667,90.66666667,32.5,60.5
2021-09-08,0:00:00,08/09/21 00:00,21,93,32,63.5
2021-09-08,1:00:00,08/09/21 01:00,20.5,94.66666667,32,67.66666667
2021-09-08,2:00:00,08/09/21 02:00,20,95.66666667,32,69.16666667
2021-09-08,3:00:00,08/09/21 03:00,19.5,99.16666667,32,69.66666667
2021-09-08,4:00:00,08/09/21 04:00,19,99.5,32,71
2021-09-08,5:00:00,08/09/21 05:00,19,99.83333333,31,68.5
2021-09-08,6:00:00,08/09/21 06:00,18.66666667,100,31,67.83333333
2021-09-08,7:00:00,08/09/21 07:00,19.5,100,31,67
2021-09-08,8:00:00,08/09/21 08:00,27.2,77,31.4,72.4
2021-09-08,9:00:00,08/09/21 09:00,27.33333333,69.66666667,33,68.66666667
2021-09-08,10:00:00,08/09/21 10:00,28.5,66.16666667,34.83333333,59.83333333
2021-09-08,11:00:00,08/09/21 11:00,30.5,60.75,35.75,53
2021-09-08,12:00:00,08/09/21 12:00,32.4,52.2,36,51.2
2021-09-08,13:00:00,08/09/21 13:00,34.16666667,49.16666667,36,55.33333333
2021-09-08,14:00:00,08/09/21 14:00,34.83333333,47.66666667,36,53.16666667
2021-09-08,15:00:00,08/09/21 15:00,36.16666667,43.5,35.83333333,53
2021-09-08,16:00:00,08/09/21 16:00,41.33333333,37,35.33333333,53
2021-09-08,17:00:00,08/09/21 17:00,37.33333333,40.83333333,35.16666667,47.83333333
2021-09-08,18:00:00,08/09/21 18:00,32.2,52.6,34.6,45
2021-09-08,19:00:00,08/09/21 19:00,28.5,74.25,33.5,47.75
2021-09-08,20:00:00,08/09/21 20:00,27.33333333,80.83333333,33,48.66666667
2021-09-08,21:00:00,08/09/21 21:00,26,79.83333333,33,51.33333333
2021-09-08,22:00:00,08/09/21 22:00,25,73.33333333,33,54.33333333
2021-09-08,23:00:00,08/09/21 23:00,23.66666667,84.83333333,32.83333333,55.5
2021-09-09,0:00:00,09/09/21 00:00,22.66666667,91.16666667,32.16666667,58.16666667
2021-09-09,1:00:00,09/09/21 01:00,22,90.66666667,32,59.83333333
2021-09-09,2:00:00,09/09/21 02:00,21.33333333,94,32,61.83333333
2021-09-09,3:00:00,09/09/21 03:00,21,94.5,32,64
2021-09-09,4:00:00,09/09/21 04:00,21,96.5,31.16666667,63.83333333
2021-09-09,5:00:00,09/09/21 05:00,20.83333333,98.83333333,31,62.33333333
2021-09-09,6:00:00,09/09/21 06:00,20.5,97.83333333,31,64.66666667
2021-09-09,7:00:00,09/09/21 07:00,24,90.66666667,31,67.33333333
2021-09-09,8:00:00,09/09/21 08:00,30.83333333,67.66666667,31.66666667,66.83333333
2021-09-09,9:00:00,09/09/21 09:00,29.83333333,66.5,33.83333333,62.83333333
2021-09-09,10:00:00,09/09/21 10:00,30.83333333,60.33333333,35.5,52.66666667
2021-09-09,11:00:00,09/09/21 11:00,32.5,53.33333333,36,49.83333333
2021-09-09,12:00:00,09/09/21 12:00,34.33333333,49.5,36,53.33333333
2021-09-09,13:00:00,09/09/21 13:00,36.5,45.66666667,36.5,50.83333333
2021-09-09,14:00:00,09/09/21 14:00,37,43,36,53.83333333
2021-09-09,15:00:00,09/09/21 15:00,37.66666667,41.16666667,35.66666667,55.83333333
2021-09-09,16:00:00,09/09/21 16:00,40.83333333,36.5,35.5,51.66666667
2021-09-09,17:00:00,09/09/21 17:00,37.16666667,40.83333333,35,50.5
2021-09-09,18:00:00,09/09/21 18:00,32,49.83333333,34.5,46.16666667
2021-09-09,19:00:00,09/09/21 19:00,28.83333333,61,33.66666667,48.66666667
2021-09-09,20:00:00,09/09/21 20:00,27.33333333,68.16666667,33,52.16666667
2021-09-09,21:00:00,09/09/21 21:00,25.83333333,79.66666667,32.83333333,53.16666667
2021-09-09,22:00:00,09/09/21 22:00,25.33333333,76.83333333,32.33333333,56.33333333
2021-09-09,23:00:00,09/09/21 23:00,24.33333333,75,32.16666667,57.5
2021-09-10,0:00:00,10/09/21 00:00,23.83333333,84.83333333,32,56.5
2021-09-10,1:00:00,10/09/21 01:00,23,81,32,59.16666667
2021-09-10,2:00:00,10/09/21 02:00,22.16666667,87.66666667,31.66666667,59.33333333
2021-09-10,3:00:00,10/09/21 03:00,22,91.5,31,60.83333333
2021-09-10,4:00:00,10/09/21 04:00,21.5,91.33333333,31,60.16666667
2021-09-10,5:00:00,10/09/21 05:00,21.16666667,91.66666667,31,61.16666667
2021-09-10,6:00:00,10/09/21 06:00,21,95.66666667,31,62.83333333
2021-09-10,7:00:00,10/09/21 07:00,23.33333333,90,31,65.83333333
2021-09-10,8:00:00,10/09/21 08:00,30,61.16666667,31.5,67
2021-09-10,9:00:00,10/09/21 09:00,29.33333333,59.33333333,33.33333333,63.83333333
2021-09-10,10:00:00,10/09/21 10:00,30.83333333,49.66666667,34.83333333,55.5
2021-09-10,11:00:00,10/09/21 11:00,32.5,35.5,36,51.5
2021-09-10,12:00:00,10/09/21 12:00,29.83333333,34.5,36.16666667,50.33333333
2021-09-10,13:00:00,10/09/21 13:00,29.5,40,36.16666667,51.66666667
2021-09-10,14:00:00,10/09/21 14:00,38.66666667,34.33333333,36,53
2021-09-10,15:00:00,10/09/21 15:00,39,33.33333333,35.83333333,52.16666667
2021-09-10,16:00:00,10/09/21 16:00,38.5,32.66666667,35,53.6
2021-09-10,17:00:00,10/09/21 17:00,36,35.16666667,34.83333333,51.5
2021-09-10,18:00:00,10/09/21 18:00,32.16666667,39.33333333,33.83333333,49.16666667
2021-09-10,19:00:00,10/09/21 19:00,29,44.16666667,32.66666667,48.83333333
2021-09-10,20:00:00,10/09/21 20:00,27.33333333,50.83333333,32,54.5
2021-09-10,21:00:00,10/09/21 21:00,25.83333333,54.83333333,32,57.5
2021-09-10,22:00:00,10/09/21 22:00,24.16666667,60.5,32,59
2021-09-10,23:00:00,10/09/21 23:00,23,62.66666667,32,60.33333333
2021-09-11,0:00:00,11/09/21 00:00,22,65.16666667,31.5,62
2021-09-11,1:00:00,11/09/21 01:00,21.16666667,69,31,62.5
2021-09-11,2:00:00,11/09/21 02:00,20.5,71.5,31,63.5
2021-09-11,3:00:00,11/09/21 03:00,20,73.33333333,31,62.83333333
2021-09-11,4:00:00,11/09/21 04:00,19.4,77.2,31,63.2
2021-09-11,5:00:00,11/09/21 05:00,19.5,76.33333333,30.16666667,61.83333333
2021-09-11,6:00:00,11/09/21 06:00,19,78.33333333,30,62.5
2021-09-11,7:00:00,11/09/21 07:00,20.33333333,77.83333333,30.66666667,64
2021-09-11,8:00:00,11/09/21 08:00,27.16666667,60.66666667,31.16666667,65.5
2021-09-11,9:00:00,11/09/21 09:00,31,47.33333333,33,64.33333333
2021-09-11,10:00:00,11/09/21 10:00,34,40.16666667,35.16666667,60.83333333
2021-09-11,11:00:00,11/09/21 11:00,36.16666667,36.66666667,36,57.16666667
2021-09-11,12:00:00,11/09/21 12:00,38,32.66666667,36,54.66666667
2021-09-11,13:00:00,11/09/21 13:00,39.83333333,29.83333333,36,55.16666667
2021-09-11,14:00:00,11/09/21 14:00,40.33333333,28.16666667,35.83333333,56.33333333
2021-09-11,15:00:00,11/09/21 15:00,39.83333333,27.16666667,35,57.66666667
2021-09-11,16:00:00,11/09/21 16:00,38.83333333,27.83333333,35,57.33333333
2021-09-11,17:00:00,11/09/21 17:00,36.16666667,29.83333333,34.5,56
2021-09-11,18:00:00,11/09/21 18:00,32.83333333,33.33333333,34,52.66666667
2021-09-11,19:00:00,11/09/21 19:00,29,37.5,32.83333333,50
2021-09-11,20:00:00,11/09/21 20:00,26.5,41.66666667,31.5,47.66666667
2021-09-11,21:00:00,11/09/21 21:00,24.33333333,47,31,49.33333333
2021-09-11,22:00:00,11/09/21 22:00,22.66666667,51.33333333,30.83333333,52.5
2021-09-11,23:00:00,11/09/21 23:00,21.66666667,51.66666667,30,55.5
2021-09-12,0:00:00,12/09/21 00:00,20.66666667,54.16666667,30,58.66666667
2021-09-12,1:00:00,12/09/21 01:00,19.83333333,55.16666667,30.16666667,59.83333333
2021-09-12,2:00:00,12/09/21 02:00,19,55.83333333,30.16666667,59
2021-09-12,3:00:00,12/09/21 03:00,18.5,58.5,30,60.33333333
2021-09-12,4:00:00,12/09/21 04:00,18,61.83333333,30,60.66666667
2021-09-12,5:00:00,12/09/21 05:00,17.33333333,64,29.66666667,60.83333333
2021-09-12,6:00:00,12/09/21 06:00,16.83333333,67,29.66666667,61.33333333
2021-09-12,7:00:00,12/09/21 07:00,18.16666667,66.5,29.83333333,62.83333333
2021-09-12,8:00:00,12/09/21 08:00,26.33333333,48.5,30.16666667,62.16666667
2021-09-12,9:00:00,12/09/21 09:00,31.33333333,38.16666667,32,61.83333333
2021-09-12,10:00:00,12/09/21 10:00,34.5,32.66666667,34.66666667,59.33333333
2021-09-12,11:00:00,12/09/21 11:00,36.33333333,26.33333333,36,55.66666667
2021-09-12,12:00:00,12/09/21 12:00,38.5,20.16666667,36,52.66666667
2021-09-12,13:00:00,12/09/21 13:00,39.16666667,20.66666667,36,53.16666667
2021-09-12,14:00:00,12/09/21 14:00,40.33333333,21.66666667,35.5,53.33333333
2021-09-12,15:00:00,12/09/21 15:00,40,21.83333333,35,55
2021-09-12,16:00:00,12/09/21 16:00,39.16666667,22.5,35,55.16666667
2021-09-12,17:00:00,12/09/21 17:00,36.5,24.66666667,35,54.16666667
2021-09-12,18:00:00,12/09/21 18:00,32.33333333,29,34,49.6
2021-09-12,19:00:00,12/09/21 19:00,28.33333333,39.33333333,33.16666667,49.5
2021-09-12,20:00:00,12/09/21 20:00,25.33333333,42.83333333,32.5,53.16666667
2021-09-12,21:00:00,12/09/21 21:00,23.33333333,44.5,32,56.33333333
2021-09-12,22:00:00,12/09/21 22:00,21.5,47.5,32,58.33333333
2021-09-12,23:00:00,12/09/21 23:00,20,54.83333333,31,58.33333333
2021-09-14,0:00:00,14/09/21 00:00,17.4,64,32.6,66
2021-09-14,1:00:00,14/09/21 01:00,16.42857143,67.14285714,32,69.8
2021-09-14,2:00:00,14/09/21 02:00,16,67.66666667,32,68.5
2021-09-14,3:00:00,14/09/21 03:00,16,67.5,31.83333333,64.16666667
2021-09-14,4:00:00,14/09/21 04:00,15,67.5,31,63
2021-09-14,5:00:00,14/09/21 05:00,14.16666667,70.33333333,31,65.2
2021-09-14,6:00:00,14/09/21 06:00,14,73.33333333,30.83333333,62.66666667
2021-09-14,7:00:00,14/09/21 07:00,14.33333333,76,30.83333333,62.33333333
2021-09-14,8:00:00,14/09/21 08:00,21.6,62.4,31,64.8
2021-09-14,9:00:00,14/09/21 09:00,25.66666667,50.66666667,32.33333333,68.5
2021-09-14,10:00:00,14/09/21 10:00,28.5,42.16666667,33,64.5
2021-09-14,11:00:00,14/09/21 11:00,31,33.66666667,34,58.83333333
2021-09-14,12:00:00,14/09/21 12:00,34.16666667,26.66666667,34.83333333,57.33333333
2021-09-14,13:00:00,14/09/21 13:00,35.6,24,35,51.2
2021-09-14,14:00:00,14/09/21 14:00,36.71428571,20.42857143,35.85714286,49.57142857
2021-09-14,15:00:00,14/09/21 15:00,37.33333333,24.33333333,35.66666667,47.83333333
2021-09-14,16:00:00,14/09/21 16:00,35.66666667,24.5,36,47.33333333
2021-09-14,17:00:00,14/09/21 17:00,32.33333333,28.83333333,35.33333333,45.66666667
2021-09-14,18:00:00,14/09/21 18:00,27.66666667,36.66666667,35,47.75
2021-09-14,19:00:00,14/09/21 19:00,24.16666667,48.16666667,33.5,46.16666667
2021-09-14,20:00:00,14/09/21 20:00,21.66666667,62.66666667,33,54.4
2021-09-14,21:00:00,14/09/21 21:00,19.5,70.66666667,32.83333333,55.83333333
2021-09-14,22:00:00,14/09/21 22:00,18,74.66666667,32,63
2021-09-14,23:00:00,14/09/21 23:00,16.83333333,79.16666667,32,63.6
2021-09-17,0:00:00,17/09/21 00:00,15,83.8,33,60.8
2021-09-17,1:00:00,17/09/21 01:00,14.14285714,86.28571429,32.71428571,61.14285714
2021-09-17,2:00:00,17/09/21 02:00,14,87.33333333,32.16666667,60.16666667
2021-09-17,3:00:00,17/09/21 03:00,13,90.33333333,32,60.16666667
2021-09-17,4:00:00,17/09/21 04:00,13,92,32,61.4
2021-09-17,5:00:00,17/09/21 05:00,13,93,32,60.5
2021-09-17,6:00:00,17/09/21 06:00,12.5,94.33333333,31.5,59.16666667
2021-09-17,7:00:00,17/09/21 07:00,13.5,95.33333333,31,57.83333333
2021-09-17,8:00:00,17/09/21 08:00,15.83333333,94.16666667,31,56.83333333
2021-09-17,9:00:00,17/09/21 09:00,18.83333333,82.5,31.5,57
2021-09-17,10:00:00,17/09/21 10:00,21.5,71.5,32.66666667,58.83333333
2021-09-17,11:00:00,17/09/21 11:00,24.16666667,61.83333333,33.66666667,57
2021-09-17,12:00:00,17/09/21 12:00,26.6,54,34,56.4
2021-09-17,13:00:00,17/09/21 13:00,28.28571429,47.57142857,34.85714286,56
2021-09-17,14:00:00,17/09/21 14:00,30.83333333,42.16666667,35,53.5
2021-09-17,15:00:00,17/09/21 15:00,31.5,38.83333333,35,48
2021-09-17,16:00:00,17/09/21 16:00,31.16666667,38.16666667,36,45.66666667
2021-09-17,17:00:00,17/09/21 17:00,28.83333333,41.66666667,35.16666667,42.66666667
2021-09-17,18:00:00,17/09/21 18:00,25.6,48.8,34.5,44.25
2021-09-17,19:00:00,17/09/21 19:00,22.71428571,55.85714286,33.85714286,46.28571429
2021-09-17,20:00:00,17/09/21 20:00,20.66666667,62.5,33,50
2021-09-17,21:00:00,17/09/21 21:00,19.33333333,68,33,53.5
2021-09-17,22:00:00,17/09/21 22:00,18.6,73.6,33,55.75
2021-09-17,23:00:00,17/09/21 23:00,17.57142857,76.57142857,32.28571429,57
2021-09-18,0:00:00,18/09/21 00:00,17.16666667,78,32.16666667,59.66666667
2021-09-18,1:00:00,18/09/21 01:00,17,80.16666667,32,60.5
2021-09-18,2:00:00,18/09/21 02:00,16.16666667,82.16666667,32,59.66666667
2021-09-18,3:00:00,18/09/21 03:00,15.66666667,84.33333333,32,58.83333333
2021-09-18,4:00:00,18/09/21 04:00,14.83333333,86.83333333,32,58.83333333
2021-09-18,5:00:00,18/09/21 05:00,14.5,88.33333333,31.33333333,57.83333333
2021-09-18,6:00:00,18/09/21 06:00,14.16666667,91.5,31,57.33333333
2021-09-18,7:00:00,18/09/21 07:00,15.33333333,91.33333333,31,56.5
2021-09-18,8:00:00,18/09/21 08:00,18.66666667,84.16666667,31,58.83333333
2021-09-18,9:00:00,18/09/21 09:00,21.83333333,69.33333333,31.83333333,61.5
2021-09-18,10:00:00,18/09/21 10:00,24,62.33333333,32.83333333,59.16666667
2021-09-18,11:00:00,18/09/21 11:00,26,56.5,33.83333333,58.83333333
2021-09-18,12:00:00,18/09/21 12:00,28.33333333,49.66666667,34,55.5
2021-09-18,13:00:00,18/09/21 13:00,30.5,44,34.83333333,54
2021-09-18,14:00:00,18/09/21 14:00,31.66666667,41.66666667,35,51.33333333
2021-09-18,15:00:00,18/09/21 15:00,32,39.33333333,35.16666667,47.33333333
2021-09-18,16:00:00,18/09/21 16:00,31,39.33333333,36,44.66666667
2021-09-18,17:00:00,18/09/21 17:00,28.66666667,41.5,35.5,44.5
2021-09-18,18:00:00,18/09/21 18:00,24.66666667,49.5,34.66666667,45.33333333
2021-09-18,19:00:00,18/09/21 19:00,21.66666667,57.33333333,34,49.16666667
2021-09-18,20:00:00,18/09/21 20:00,19.66666667,64.33333333,33.33333333,51.5
2021-09-18,21:00:00,18/09/21 21:00,17.66666667,69.66666667,32.66666667,54
2021-09-18,22:00:00,18/09/21 22:00,16.5,74,32.66666667,56.16666667
2021-09-18,23:00:00,18/09/21 23:00,15.33333333,78.33333333,32,58.66666667
2021-09-24,0:00:00,24/09/21 00:00,17,70.66666667,31.16666667,52.5
2021-09-24,1:00:00,24/09/21 01:00,16.5,72.5,31,56
2021-09-24,2:00:00,24/09/21 02:00,16,75.83333333,31,55.33333333
2021-09-24,3:00:00,24/09/21 03:00,16,78.83333333,31,55.33333333
2021-09-24,4:00:00,24/09/21 04:00,15.16666667,80.16666667,31,54.83333333
2021-09-24,5:00:00,24/09/21 05:00,14.83333333,81.66666667,31,56
2021-09-24,6:00:00,24/09/21 06:00,14.83333333,84.66666667,31,55.4
2021-09-24,7:00:00,24/09/21 07:00,15.83333333,83.66666667,31,55.33333333
2021-09-24,8:00:00,24/09/21 08:00,20.66666667,74.5,31,57.83333333
2021-09-24,9:00:00,24/09/21 09:00,24.33333333,60.33333333,32,60.83333333
2021-09-24,10:00:00,24/09/21 10:00,27.5,49.5,33,60.66666667
2021-09-24,11:00:00,24/09/21 11:00,30.5,40.5,33.83333333,57.83333333
2021-09-24,12:00:00,24/09/21 12:00,31,35.33333333,34.8,54.2
2021-09-24,13:00:00,24/09/21 13:00,33.16666667,32,35,51
2021-09-24,14:00:00,24/09/21 14:00,32.16666667,34,35,46.5
2021-09-24,15:00:00,24/09/21 15:00,29.16666667,40.83333333,34.83333333,46.66666667
2021-09-24,16:00:00,24/09/21 16:00,28.33333333,45.66666667,34,48
2021-09-24,17:00:00,24/09/21 17:00,27,50.33333333,34,47.66666667
2021-09-24,18:00:00,24/09/21 18:00,25,55.83333333,34,46.6
2021-09-24,19:00:00,24/09/21 19:00,22.5,63.16666667,34,49
2021-09-24,20:00:00,24/09/21 20:00,21,67.16666667,33.66666667,50.16666667
2021-09-24,21:00:00,24/09/21 21:00,20,69.83333333,33,50.66666667
2021-09-24,22:00:00,24/09/21 22:00,19,73.5,33,51
2021-09-24,23:00:00,24/09/21 23:00,19,78.33333333,32.66666667,52
2021-09-25,0:00:00,25/09/21 00:00,18,80.16666667,32,51.83333333
2021-09-25,1:00:00,25/09/21 01:00,17.66666667,81.66666667,32,55.16666667
2021-09-25,2:00:00,25/09/21 02:00,17,84.33333333,32,54
2021-09-25,3:00:00,25/09/21 03:00,16,84,32,56.4
2021-09-25,4:00:00,25/09/21 04:00,16,87,32,58.16666667
2021-09-25,5:00:00,25/09/21 05:00,16,89,32,55.16666667
2021-09-25,6:00:00,25/09/21 06:00,16,88.33333333,31.66666667,54.5
2021-09-25,7:00:00,25/09/21 07:00,16.83333333,89,31,54.66666667
2021-09-25,8:00:00,25/09/21 08:00,21,79.16666667,31.83333333,56
2021-09-25,9:00:00,25/09/21 09:00,24.83333333,65.33333333,32.66666667,58.16666667
2021-09-25,10:00:00,25/09/21 10:00,27.5,57.33333333,33.16666667,58.33333333
2021-09-25,11:00:00,25/09/21 11:00,29.66666667,46.66666667,34,57.5
2021-09-25,12:00:00,25/09/21 12:00,31.33333333,40.66666667,34.8,55.2
2021-09-25,13:00:00,25/09/21 13:00,32.66666667,39.66666667,35,53
2021-09-25,14:00:00,25/09/21 14:00,34,38.16666667,35,51.5
2021-09-25,15:00:00,25/09/21 15:00,32.33333333,39.83333333,35,48.2
2021-09-25,16:00:00,25/09/21 16:00,30.5,43.83333333,35,46.33333333
2021-09-25,17:00:00,25/09/21 17:00,27.8,48.6,34.6,46.4
2021-09-25,18:00:00,25/09/21 18:00,24.83333333,56.66666667,33.83333333,43.83333333
2021-09-25,19:00:00,25/09/21 19:00,22.16666667,62.5,33.16666667,48.5
2021-09-25,20:00:00,25/09/21 20:00,20.66666667,66.83333333,33,46.33333333
2021-09-25,21:00:00,25/09/21 21:00,19.33333333,73.33333333,32,46.66666667
2021-09-25,22:00:00,25/09/21 22:00,18.66666667,76.83333333,32,47.5
2021-09-25,23:00:00,25/09/21 23:00,17.66666667,80.5,32,50
2021-09-26,0:00:00,26/09/21 00:00,16.66666667,85.83333333,32,53.33333333
2021-09-26,1:00:00,26/09/21 01:00,16,88.16666667,32,54.16666667
2021-09-26,2:00:00,26/09/21 02:00,16,90.33333333,31.33333333,54.66666667
2021-09-26,3:00:00,26/09/21 03:00,16,91.33333333,31,53.66666667
2021-09-26,4:00:00,26/09/21 04:00,16,91.5,31,56.16666667
2021-09-26,5:00:00,26/09/21 05:00,16.16666667,93.83333333,31,56.5
2021-09-26,6:00:00,26/09/21 06:00,16,93.33333333,31,55
2021-09-26,7:00:00,26/09/21 07:00,17,93.83333333,31,54
2021-09-26,8:00:00,26/09/21 08:00,17.33333333,91.5,31,54.33333333
2021-09-26,9:00:00,26/09/21 09:00,18.33333333,89,31,54.66666667
2021-09-26,10:00:00,26/09/21 10:00,20.5,80.66666667,31.5,57.33333333
2021-09-26,11:00:00,26/09/21 11:00,23.33333333,71,32.16666667,57.83333333
2021-09-26,12:00:00,26/09/21 12:00,25.66666667,62,33,57.83333333
2021-09-26,13:00:00,26/09/21 13:00,27.5,57.33333333,34,56.5
2021-09-26,14:00:00,26/09/21 14:00,27.83333333,51.83333333,34.16666667,55.16666667
2021-09-26,15:00:00,26/09/21 15:00,29,49,34.66666667,52.66666667
2021-09-26,16:00:00,26/09/21 16:00,27.66666667,49.83333333,35,48.83333333
2021-09-26,17:00:00,26/09/21 17:00,24.33333333,56.16666667,35,47
2021-09-26,18:00:00,26/09/21 18:00,20.5,70.33333333,34.16666667,44
2021-09-26,19:00:00,26/09/21 19:00,18.66666667,75,33,44.66666667
2021-09-26,20:00:00,26/09/21 20:00,17.66666667,79,32.83333333,47.16666667
2021-09-26,21:00:00,26/09/21 21:00,17,82.66666667,32,47.33333333
2021-09-26,22:00:00,26/09/21 22:00,16,86.16666667,32,50
2021-09-26,23:00:00,26/09/21 23:00,16,89.33333333,31.83333333,53.33333333
2021-09-27,0:00:00,27/09/21 00:00,16.16666667,89.33333333,31.5,53.83333333
2021-09-27,1:00:00,27/09/21 01:00,16.5,87.83333333,31,54.33333333
2021-09-27,2:00:00,27/09/21 02:00,17,88.66666667,31,53.66666667
2021-09-27,3:00:00,27/09/21 03:00,17,89,31.16666667,55.16666667
2021-09-27,4:00:00,27/09/21 04:00,17,88.33333333,31,55.33333333
2021-09-27,5:00:00,27/09/21 05:00,17,89.66666667,31,55
2021-09-27,6:00:00,27/09/21 06:00,17,89.33333333,31,55.83333333
2021-09-27,7:00:00,27/09/21 07:00,17,88.66666667,31,56.33333333
2021-09-27,8:00:00,27/09/21 08:00,18,87.66666667,31,54.83333333
2021-09-27,9:00:00,27/09/21 09:00,18.83333333,82.66666667,31.16666667,55.16666667
2021-09-27,10:00:00,27/09/21 10:00,19.66666667,77.5,32,59.33333333
2021-09-27,11:00:00,27/09/21 11:00,20.83333333,75,32,59.5
2021-09-27,12:00:00,27/09/21 12:00,23.16666667,67.66666667,32.33333333,58.16666667
2021-09-27,13:00:00,27/09/21 13:00,25.16666667,61.66666667,33,57.66666667
2021-09-27,14:00:00,27/09/21 14:00,26,57.5,34,55.83333333
2021-09-27,15:00:00,27/09/21 15:00,25.6,57,34,53.8
2021-09-27,16:00:00,27/09/21 16:00,25,57.8,34.16666667,54.83333333
2021-09-27,17:00:00,27/09/21 17:00,22.16666667,64.33333333,34,49.6
2021-09-27,18:00:00,27/09/21 18:00,19.28571429,75.14285714,33.71428571,48.85714286
2021-09-27,19:00:00,27/09/21 19:00,17.33333333,81.16666667,33,49
2021-09-27,20:00:00,27/09/21 20:00,16.5,85,32.16666667,51.16666667
2021-09-27,21:00:00,27/09/21 21:00,16,88.33333333,32,52.83333333
2021-09-27,22:00:00,27/09/21 22:00,16.5,89.5,32,57.8
2021-09-27,23:00:00,27/09/21 23:00,16.83333333,89.33333333,31.66666667,56.33333333