Date,Time,DateTime,Temp_Box,Hum_Box,Temp_Easy_268,Hum_Easy_268,Temp_268,Hum_268,Treatment
2021-08-03,0:00:00,03/08/21 00:00,19.83333333,47,29.75,45.75,34,53.5,0
2021-08-03,1:00:00,03/08/21 01:00,19,50,29.33333333,45.33333333,34,53.66666667,0
2021-08-03,2:00:00,03/08/21 02:00,18.5,53.33333333,29,52.58333333,34,53.66666667,0
2021-08-03,3:00:00,03/08/21 03:00,18,55.66666667,29,54.33333333,34,52.5,0
2021-08-03,4:00:00,03/08/21 04:00,17.33333333,58.83333333,28.5,56.91666667,33.83333333,51.5,0
2021-08-03,5:00:00,03/08/21 05:00,17.33333333,59.33333333,28.41666667,58,34,53,0
2021-08-03,6:00:00,03/08/21 06:00,16.83333333,62.83333333,28,59.41666667,33.83333333,51.83333333,0
2021-08-03,7:00:00,03/08/21 07:00,21,54.83333333,28.66666667,66.16666667,33.6,50,0
2021-08-03,8:00:00,03/08/21 08:00,28.33333333,39.5,30.75,70.33333333,33.85714286,47.85714286,0
2021-08-03,9:00:00,03/08/21 09:00,32,32.83333333,33.83333333,65.5,34.6,45.8,0
2021-08-03,10:00:00,03/08/21 10:00,34.5,28.83333333,36.33333333,53,35.5,45.5,0
2021-08-03,11:00:00,03/08/21 11:00,36.33333333,24.66666667,37.41666667,43.91666667,36,51.16666667,0
2021-08-03,12:00:00,03/08/21 12:00,38,21.66666667,38.58333333,38.75,36,54.33333333,0
2021-08-03,13:00:00,03/08/21 13:00,39.5,19.83333333,39.41666667,35.25,36,55.33333333,0
2021-08-03,14:00:00,03/08/21 14:00,40,22.5,38.75,37,36,55.16666667,0
2021-08-03,15:00:00,03/08/21 15:00,41.33333333,20.16666667,37.91666667,38.91666667,36,54.5,0
2021-08-03,16:00:00,03/08/21 16:00,40.66666667,21.16666667,38.33333333,37.5,36,51.83333333,0
2021-08-03,17:00:00,03/08/21 17:00,38.33333333,19.33333333,36.75,36.58333333,35,53,0
2021-08-03,18:00:00,03/08/21 18:00,35.66666667,25.5,33.83333333,44.83333333,34.33333333,53,0
2021-08-03,19:00:00,03/08/21 19:00,31.16666667,31.16666667,32.83333333,47.16666667,34,53.66666667,0
2021-08-03,20:00:00,03/08/21 20:00,28,37.66666667,31.41666667,48.58333333,34,50.66666667,0
2021-08-03,21:00:00,03/08/21 21:00,25.5,44.33333333,31.08333333,46.33333333,34,54.16666667,0
2021-08-03,22:00:00,03/08/21 22:00,23,49.5,31,43.58333333,34,54,0
2021-08-03,23:00:00,03/08/21 23:00,22,55.33333333,31,43.16666667,34,56.33333333,0
2021-08-05,0:00:00,05/08/21 00:00,24,42.66666667,17.5,56.33333333,33,54.33333333,1
2021-08-05,1:00:00,05/08/21 01:00,24,43.66666667,17.83333333,57.75,33,51.5,1
2021-08-05,2:00:00,05/08/21 02:00,24,46,19.33333333,59.08333333,33,55.33333333,1
2021-08-05,3:00:00,05/08/21 03:00,24,50.5,20.33333333,57.66666667,33,54.83333333,1
2021-08-05,4:00:00,05/08/21 04:00,24,52.83333333,21.33333333,56.33333333,33,53.5,1
2021-08-05,5:00:00,05/08/21 05:00,24,53,22.16666667,55.83333333,33,57,1
2021-08-05,6:00:00,05/08/21 06:00,24,54,24,65.41666667,33.16666667,60.66666667,1
2021-08-05,7:00:00,05/08/21 07:00,24,54.33333333,25.5,68.83333333,33.66666667,60.5,1
2021-08-05,8:00:00,05/08/21 08:00,26,49.33333333,27.25,71.83333333,34,59.33333333,1
2021-08-05,9:00:00,05/08/21 09:00,30.5,45.33333333,26,63.41666667,34.16666667,59.33333333,1
2021-08-05,10:00:00,05/08/21 10:00,32.5,37,26.33333333,69.16666667,35.33333333,59.16666667,1
2021-08-05,11:00:00,05/08/21 11:00,35.5,29.16666667,26.41666667,71.08333333,35.83333333,51,1
2021-08-05,12:00:00,05/08/21 12:00,38.33333333,28.66666667,28,68.66666667,36,47,1
2021-08-05,13:00:00,05/08/21 13:00,40,29.16666667,29.25,61.08333333,36,48.33333333,1
2021-08-05,14:00:00,05/08/21 14:00,40.16666667,26,27.58333333,60,35.16666667,46.5,1
2021-08-05,15:00:00,05/08/21 15:00,40,26,27.58333333,60,35.16666667,44.66666667,1
2021-08-05,16:00:00,05/08/21 16:00,39,26.33333333,27.58333333,59.16666667,35,42.6,1
2021-08-05,17:00:00,05/08/21 17:00,37.5,27.33333333,28.25,59.83333333,35,51.6,1
2021-08-05,18:00:00,05/08/21 18:00,34.16666667,32.33333333,28.58333333,56.5,35,53.83333333,1
2021-08-05,19:00:00,05/08/21 19:00,30.33333333,38.33333333,28.33333333,58.08333333,35,54,1
2021-08-05,20:00:00,05/08/21 20:00,27.16666667,46.33333333,28.25,52.5,34.83333333,53.16666667,1
2021-08-05,21:00:00,05/08/21 21:00,24.66666667,52.83333333,28,51.33333333,34.16666667,55.16666667,1
2021-08-05,22:00:00,05/08/21 22:00,22.66666667,57,28.08333333,53.25,34,56.4,1
2021-08-05,23:00:00,05/08/21 23:00,21.66666667,63.33333333,28.25,51.75,34,57.16666667,1
2021-08-06,0:00:00,06/08/21 00:00,20.33333333,67.66666667,28.16666667,52.66666667,34,59,1
2021-08-06,1:00:00,06/08/21 01:00,20,71,28.33333333,49.91666667,34,58.33333333,1
2021-08-06,2:00:00,06/08/21 02:00,19.33333333,75.66666667,28.25,52,34,58.16666667,1
2021-08-06,3:00:00,06/08/21 03:00,18.33333333,78.83333333,28.08333333,51.91666667,34,57.66666667,1
2021-08-06,4:00:00,06/08/21 04:00,18,81.66666667,28.08333333,52.91666667,34,57.66666667,1
2021-08-06,5:00:00,06/08/21 05:00,17,83.16666667,27.83333333,56.5,33.83333333,57.33333333,1
2021-08-06,6:00:00,06/08/21 06:00,17,86.5,27.91666667,67.25,33.66666667,59.5,1
2021-08-06,7:00:00,06/08/21 07:00,19.66666667,82.66666667,28.75,72.16666667,34,60.16666667,1
2021-08-06,8:00:00,06/08/21 08:00,24.66666667,66.66666667,29.41666667,77.66666667,34,61.33333333,1
2021-08-06,9:00:00,06/08/21 09:00,28.33333333,55.66666667,30.58333333,75.66666667,34.66666667,61,1
2021-08-06,10:00:00,06/08/21 10:00,30.83333333,47.83333333,28,68.66666667,35,59.83333333,1
2021-08-06,11:00:00,06/08/21 11:00,33,41.66666667,24.58333333,68,35.2,57,1
2021-08-06,12:00:00,06/08/21 12:00,34.83333333,37.5,24.66666667,71.16666667,35.33333333,47.66666667,1
2021-08-06,13:00:00,06/08/21 13:00,36.66666667,34.16666667,25.66666667,73.25,35.33333333,48.16666667,1
2021-08-06,14:00:00,06/08/21 14:00,37.16666667,34.33333333,27.16666667,73.41666667,35.8,49.2,1
2021-08-06,15:00:00,06/08/21 15:00,36.66666667,33,26.75,71.58333333,35,45.33333333,1
2021-08-06,16:00:00,06/08/21 16:00,36.33333333,35,27.25,72.41666667,35,46,1
2021-08-06,17:00:00,06/08/21 17:00,34.33333333,37.83333333,28.58333333,72.66666667,35.5,46.83333333,1
2021-08-06,18:00:00,06/08/21 18:00,31,43,28.91666667,66.5,35.16666667,43.66666667,1
2021-08-06,19:00:00,06/08/21 19:00,27.16666667,51.5,28.91666667,61,35,46.5,1
2021-08-06,20:00:00,06/08/21 20:00,24.33333333,60.33333333,28.5,61,34.66666667,51,1
2021-08-06,21:00:00,06/08/21 21:00,22.16666667,65.5,28.25,59.08333333,34.16666667,54,1
2021-08-06,22:00:00,06/08/21 22:00,20.83333333,72.66666667,28.16666667,57.16666667,34,57.83333333,1
2021-08-06,23:00:00,06/08/21 23:00,20,76.5,28.08333333,58.83333333,34,55.16666667,1
2021-08-07,0:00:00,07/08/21 00:00,19.16666667,80.5,27.91666667,57.91666667,34,58.5,0
2021-08-07,1:00:00,07/08/21 01:00,17.83333333,83.83333333,27.75,59.33333333,34,59.16666667,0
2021-08-07,2:00:00,07/08/21 02:00,17,85,27.58333333,57.66666667,34,57.83333333,0
2021-08-07,3:00:00,07/08/21 03:00,16,88.66666667,27.5,60.58333333,34,59.16666667,0
2021-08-07,4:00:00,07/08/21 04:00,16,89.5,27.25,63.5,33.66666667,58,0
2021-08-07,5:00:00,07/08/21 05:00,15.16666667,90.83333333,26.58333333,67.16666667,33.16666667,58,0
2021-08-07,6:00:00,07/08/21 06:00,15.16666667,91.66666667,26.41666667,71.16666667,33,59,0
2021-08-07,7:00:00,07/08/21 07:00,17.66666667,90.83333333,26.91666667,71.5,33.16666667,61,0
2021-08-07,8:00:00,07/08/21 08:00,23.33333333,73.5,28.25,75.41666667,33.66666667,61.5,0
2021-08-07,9:00:00,07/08/21 09:00,26.83333333,61,29.58333333,78.66666667,34.16666667,62,0
2021-08-07,10:00:00,07/08/21 10:00,30,50.83333333,30.83333333,76.41666667,35,62.5,0
2021-08-07,11:00:00,07/08/21 11:00,32.33333333,44.16666667,32.08333333,74.25,35.33333333,61.83333333,0
2021-08-07,12:00:00,07/08/21 12:00,34.33333333,40,33.08333333,68.08333333,36,53.66666667,0
2021-08-07,13:00:00,07/08/21 13:00,36.83333333,33.16666667,34,62.16666667,36.66666667,57,0
2021-08-07,14:00:00,07/08/21 14:00,38.5,27.83333333,33.91666667,57.08333333,36.16666667,53.5,0
2021-08-07,15:00:00,07/08/21 15:00,37.83333333,29.83333333,33.83333333,60.25,36,51.33333333,0
2021-08-07,16:00:00,07/08/21 16:00,36.5,33.83333333,33.75,60.83333333,36,49.16666667,0
2021-08-07,17:00:00,07/08/21 17:00,34.16666667,36.5,33.25,59.58333333,35.5,47.16666667,0
2021-08-07,18:00:00,07/08/21 18:00,30.66666667,42.33333333,31.75,62.25,35,45.5,0
2021-08-07,19:00:00,07/08/21 19:00,26.66666667,50.5,30.58333333,56.91666667,34,46,0
2021-08-07,20:00:00,07/08/21 20:00,24,57.33333333,30.25,50.66666667,34,49,0
2021-08-07,21:00:00,07/08/21 21:00,21.83333333,63.5,29.75,50.5,34,56.16666667,0
2021-08-07,22:00:00,07/08/21 22:00,20.66666667,69,29.5,48.33333333,34,58.33333333,0
2021-08-07,23:00:00,07/08/21 23:00,19.5,74.5,29.5,47.41666667,34,58,0
2021-08-08,0:00:00,08/08/21 00:00,18.66666667,79.5,28.83333333,48.75,34,59,0
2021-08-08,1:00:00,08/08/21 01:00,17.33333333,83,28.5,51.75,34,57.83333333,0
2021-08-08,2:00:00,08/08/21 02:00,17,84.83333333,28.16666667,52.66666667,34,59.33333333,0
2021-08-08,3:00:00,08/08/21 03:00,16.33333333,88.33333333,27.83333333,53.66666667,33.16666667,59.83333333,0
2021-08-08,4:00:00,08/08/21 04:00,16,89.5,27.5,55.25,33,59.5,0
2021-08-08,5:00:00,08/08/21 05:00,16,90.16666667,27.5,58.41666667,33,59.66666667,0
2021-08-08,6:00:00,08/08/21 06:00,15.83333333,91.33333333,27.5,64.58333333,33,60.5,0
2021-08-08,7:00:00,08/08/21 07:00,18.5,89.66666667,27.5,67.58333333,33,59,0
2021-08-08,8:00:00,08/08/21 08:00,24.16666667,71,28.25,72.83333333,33,60.66666667,0
2021-08-08,9:00:00,08/08/21 09:00,27,58.83333333,29.91666667,73.75,34,62.16666667,0
2021-08-08,10:00:00,08/08/21 10:00,28.5,53.5,31.25,71.58333333,34.4,61.2,0
2021-08-08,11:00:00,08/08/21 11:00,30,48.66666667,32.58333333,68.5,35,61.5,0
2021-08-08,12:00:00,08/08/21 12:00,32.33333333,41.33333333,32.91666667,66.5,36,56.5,0
2021-08-08,13:00:00,08/08/21 13:00,34.5,36.33333333,33.08333333,63.41666667,36,53.5,0
2021-08-08,14:00:00,08/08/21 14:00,35.83333333,33,33.33333333,60.66666667,36,50.16666667,0
2021-08-08,15:00:00,08/08/21 15:00,36.83333333,29.83333333,33.58333333,58.5,35.83333333,49.5,0
2021-08-08,16:00:00,08/08/21 16:00,38,28.5,34,59.41666667,36,50.33333333,0
2021-08-08,17:00:00,08/08/21 17:00,37,29.33333333,33.41666667,58.41666667,36,44.66666667,0
2021-08-08,18:00:00,08/08/21 18:00,33.33333333,33.5,32.58333333,54.58333333,35.16666667,43.5,0
2021-08-08,19:00:00,08/08/21 19:00,27.66666667,43.66666667,31.75,51.75,35,46.66666667,0
2021-08-08,20:00:00,08/08/21 20:00,25.66666667,50.33333333,30.83333333,46.75,34,50,0
2021-08-08,21:00:00,08/08/21 21:00,23,58.16666667,30.5,45.41666667,34,54.83333333,0
2021-08-08,22:00:00,08/08/21 22:00,21.33333333,64.5,30,45.41666667,34,55.5,0
2021-08-08,23:00:00,08/08/21 23:00,20,71.83333333,29.25,47.58333333,33.83333333,56.83333333,0
2021-08-09,0:00:00,09/08/21 00:00,18.83333333,78.16666667,28.58333333,48.33333333,33.66666667,56.33333333,1
2021-08-09,1:00:00,09/08/21 01:00,18,83.5,28.5,49.83333333,33,55.33333333,1
2021-08-09,2:00:00,09/08/21 02:00,17.33333333,85.5,28,51.5,33,56.33333333,1
2021-08-09,3:00:00,09/08/21 03:00,17,89,27.91666667,55.91666667,33,56.5,1
2021-08-09,4:00:00,09/08/21 04:00,16.5,90.83333333,27.66666667,55.5,33,56.16666667,1
2021-08-09,5:00:00,09/08/21 05:00,16.16666667,91.5,27.25,56.33333333,33,57.16666667,1
2021-08-09,6:00:00,09/08/21 06:00,16,91.83333333,27.08333333,63.33333333,32.66666667,58.16666667,1
2021-08-09,7:00:00,09/08/21 07:00,18.66666667,89.16666667,27.58333333,63.91666667,32.66666667,59.16666667,1
2021-08-09,8:00:00,09/08/21 08:00,24.5,69.5,28.16666667,71.58333333,33,60.83333333,1
2021-08-09,9:00:00,09/08/21 09:00,27.33333333,59.5,29.66666667,74.33333333,33.33333333,60.33333333,1
2021-08-09,10:00:00,09/08/21 10:00,29,52.33333333,31.16666667,72.83333333,34,59.5,1
2021-08-09,11:00:00,09/08/21 11:00,31.66666667,45.16666667,32.25,69,34.66666667,58.33333333,1
2021-08-09,12:00:00,09/08/21 12:00,33.5,38.66666667,32.91666667,65.25,35.33333333,57,1
2021-08-09,13:00:00,09/08/21 13:00,36,31.66666667,33.66666667,60.5,36,53,1
2021-08-09,14:00:00,09/08/21 14:00,37.33333333,30.5,28.33333333,49.25,35.2,50,1
2021-08-09,15:00:00,09/08/21 15:00,37.5,30,25.08333333,60,34.5,46,1
2021-08-09,16:00:00,09/08/21 16:00,37.33333333,29,25.83333333,58.08333333,34.5,47.5,1
2021-08-09,17:00:00,09/08/21 17:00,35.33333333,28.66666667,24.5,57.33333333,34.33333333,48.83333333,1
2021-08-09,18:00:00,09/08/21 18:00,32.66666667,31.5,22.83333333,52.58333333,34.66666667,54.5,1
2021-08-09,19:00:00,09/08/21 19:00,28.66666667,39.33333333,22.16666667,53.33333333,34,53.66666667,1
2021-08-09,20:00:00,09/08/21 20:00,25.66666667,47.83333333,20.25,51.58333333,34,54,1
2021-08-09,21:00:00,09/08/21 21:00,24,55.5,18.75,53.75,33.83333333,53.5,1
2021-08-09,22:00:00,09/08/21 22:00,22.33333333,64.33333333,18.08333333,56.91666667,33.16666667,54.33333333,1
2021-08-09,23:00:00,09/08/21 23:00,21.16666667,66.83333333,17.41666667,59.25,33,54.83333333,1
2021-08-10,0:00:00,10/08/21 00:00,20,72.16666667,16.66666667,60.58333333,33,53.6,1
2021-08-10,1:00:00,10/08/21 01:00,19.16666667,75.33333333,16.66666667,62.5,33,53.4,1
2021-08-10,2:00:00,10/08/21 02:00,19,79.33333333,17.5,62.66666667,33,53.5,1
2021-08-10,3:00:00,10/08/21 03:00,18.83333333,80.66666667,18.83333333,62.83333333,32.5,54.5,1
2021-08-10,4:00:00,10/08/21 04:00,18.33333333,81,20.25,63.33333333,32.5,55.83333333,1
2021-08-10,5:00:00,10/08/21 05:00,18,83.33333333,21.08333333,61.08333333,32.16666667,55.5,1
2021-08-10,6:00:00,10/08/21 06:00,18.16666667,85.16666667,22.75,66.41666667,32.16666667,57,1
2021-08-10,7:00:00,10/08/21 07:00,20.2,81,23.66666667,69.16666667,33,59,1
2021-08-10,8:00:00,10/08/21 08:00,26.33333333,59.66666667,25.5,72.83333333,33,58,1
2021-08-10,9:00:00,10/08/21 09:00,28.33333333,54.16666667,22.58333333,63.25,33,58.33333333,1
2021-08-10,10:00:00,10/08/21 10:00,30.66666667,46.33333333,21.33333333,65.08333333,33.83333333,57.66666667,1
2021-08-10,11:00:00,10/08/21 11:00,33.5,38.66666667,22.66666667,67.91666667,34.16666667,57.33333333,1
2021-08-10,12:00:00,10/08/21 12:00,35.66666667,33.33333333,24.41666667,71.16666667,35,56.33333333,1
2021-08-10,13:00:00,10/08/21 13:00,38.33333333,27,26.16666667,71,35,52.5,1
2021-08-10,14:00:00,10/08/21 14:00,39.83333333,25.5,27.75,66.41666667,35,50.5,1
2021-08-10,15:00:00,10/08/21 15:00,39,27.83333333,28.33333333,66.41666667,35.33333333,51.66666667,1
2021-08-10,16:00:00,10/08/21 16:00,38.83333333,26.83333333,28.91666667,65.66666667,35.33333333,52,1
2021-08-10,17:00:00,10/08/21 17:00,38,27.33333333,29.5,67.16666667,35,50.33333333,1
2021-08-10,18:00:00,10/08/21 18:00,34.66666667,32.66666667,29.91666667,64.91666667,35,49.5,1
2021-08-10,19:00:00,10/08/21 19:00,30.5,40.16666667,29.83333333,60.25,35,49.16666667,1
2021-08-10,20:00:00,10/08/21 20:00,28.16666667,44.5,29.75,53.5,34.5,49.83333333,1
2021-08-10,21:00:00,10/08/21 21:00,26.83333333,45.5,29.5,54.41666667,34,53.33333333,1
2021-08-10,22:00:00,10/08/21 22:00,26,42.16666667,29.5,47.25,34,52.66666667,1
2021-08-10,23:00:00,10/08/21 23:00,24.66666667,42.5,29.5,44.75,34,51.66666667,1
2021-08-11,0:00:00,11/08/21 00:00,24,51,29.5,43.75,34,52.33333333,1
2021-08-11,1:00:00,11/08/21 01:00,24,54.66666667,29.5,49.33333333,34,54.66666667,1
2021-08-11,2:00:00,11/08/21 02:00,22.83333333,64.5,29.16666667,51.66666667,34,54.66666667,1
2021-08-11,3:00:00,11/08/21 03:00,22,69.16666667,29.33333333,51.16666667,34,54.83333333,1
2021-08-11,4:00:00,11/08/21 04:00,22,70.66666667,29,55.91666667,33.83333333,56,1
2021-08-11,5:00:00,11/08/21 05:00,22,71,28.66666667,60.5,34,56.16666667,1
2021-08-11,6:00:00,11/08/21 06:00,22,72,29.16666667,64.25,34,57,1
2021-08-11,7:00:00,11/08/21 07:00,23.33333333,69.33333333,29.25,68.75,34,57,1
2021-08-11,8:00:00,11/08/21 08:00,27.83333333,54,29.83333333,70.83333333,34,55.33333333,1
2021-08-11,9:00:00,11/08/21 09:00,29.83333333,51.16666667,31.08333333,72.66666667,34,54.33333333,1
2021-08-11,10:00:00,11/08/21 10:00,33.66666667,42.16666667,29.91666667,68.16666667,35,54.5,1
2021-08-11,11:00:00,11/08/21 11:00,35,36.66666667,27.66666667,66.25,35,54.66666667,1
2021-08-11,12:00:00,11/08/21 12:00,36.16666667,36.16666667,27.58333333,66.16666667,35,56.66666667,1
2021-08-11,13:00:00,11/08/21 13:00,38.83333333,31.83333333,28.58333333,67.75,35.5,56,1
2021-08-11,14:00:00,11/08/21 14:00,38.66666667,29.66666667,29.83333333,64.83333333,36,56.5,1
2021-08-11,15:00:00,11/08/21 15:00,37.83333333,27.83333333,29,60.58333333,35,53.33333333,1
2021-08-11,16:00:00,11/08/21 16:00,34.83333333,30.16666667,28.08333333,56.5,35,52.5,1
2021-08-11,17:00:00,11/08/21 17:00,33.5,30,26.66666667,58.08333333,34.66666667,50.66666667,1
2021-08-11,18:00:00,11/08/21 18:00,31.66666667,31,27.08333333,58.16666667,34.66666667,51.33333333,1
2021-08-11,19:00:00,11/08/21 19:00,29,38.33333333,27.83333333,53.66666667,34.33333333,50.83333333,1
2021-08-11,20:00:00,11/08/21 20:00,26.66666667,43.16666667,28,51.16666667,34,50.66666667,1
2021-08-11,21:00:00,11/08/21 21:00,25.5,39,28.41666667,45.08333333,34,51.66666667,1
2021-08-11,22:00:00,11/08/21 22:00,24.5,42.83333333,28.58333333,45.08333333,34,50.83333333,1
2021-08-11,23:00:00,11/08/21 23:00,22.33333333,46.66666667,28.66666667,44.25,34,52.33333333,1
2021-08-12,0:00:00,12/08/21 00:00,21.33333333,52,28.5,44.91666667,34,53.33333333,1
2021-08-12,1:00:00,12/08/21 01:00,20.16666667,56.33333333,28.41666667,48.75,33.83333333,53.16666667,1
2021-08-12,2:00:00,12/08/21 02:00,20.33333333,58.33333333,28.33333333,48.58333333,33.83333333,54.5,1
2021-08-12,3:00:00,12/08/21 03:00,19.5,60.5,28.75,47.16666667,33.16666667,54.66666667,1
2021-08-12,4:00:00,12/08/21 04:00,19,62.66666667,28.5,46.5,33.5,56,1
2021-08-12,5:00:00,12/08/21 05:00,18,63.16666667,28.16666667,48.58333333,33,54.66666667,1
2021-08-12,6:00:00,12/08/21 06:00,18.66666667,62.5,28,55.5,33,54.83333333,1
2021-08-12,7:00:00,12/08/21 07:00,21.83333333,57.5,28.08333333,61.91666667,33,54.5,1
2021-08-12,8:00:00,12/08/21 08:00,27.4,44.2,28.66666667,66.33333333,33,54.2,1
2021-08-12,9:00:00,12/08/21 09:00,30.83333333,37.5,24.25,61.75,33.66666667,55,1
2021-08-12,10:00:00,12/08/21 10:00,34,34.16666667,21.83333333,61.5,34,53.16666667,1
2021-08-12,11:00:00,12/08/21 11:00,35.16666667,31.5,24.58333333,67.08333333,34.33333333,52.33333333,1
2021-08-12,12:00:00,12/08/21 12:00,37.16666667,29.66666667,25.91666667,68.16666667,35,52.5,1
2021-08-12,13:00:00,12/08/21 13:00,38,29.16666667,27.5,66.41666667,35,52.5,1
2021-08-12,14:00:00,12/08/21 14:00,38.83333333,29.5,28.33333333,65.41666667,35,53.16666667,1
2021-08-12,15:00:00,12/08/21 15:00,38.66666667,29.33333333,27.91666667,67.33333333,35,54.5,1
2021-08-12,16:00:00,12/08/21 16:00,37.83333333,28.33333333,28.41666667,64.91666667,35.83333333,52,1
2021-08-12,17:00:00,12/08/21 17:00,35.83333333,23.33333333,29.5,56.16666667,35.2,49,1
2021-08-12,18:00:00,12/08/21 18:00,33.16666667,22.83333333,29,48.75,35,46.33333333,1
2021-08-12,19:00:00,12/08/21 19:00,30,23.66666667,28.66666667,48.66666667,34.33333333,44.5,1
2021-08-12,20:00:00,12/08/21 20:00,27.5,29.66666667,28.58333333,44.5,34,49.16666667,1
2021-08-12,21:00:00,12/08/21 21:00,25.16666667,35.33333333,28.58333333,39.25,34,51,1
2021-08-12,22:00:00,12/08/21 22:00,23.16666667,38.83333333,28.5,38.58333333,34,53.33333333,1
2021-08-12,23:00:00,12/08/21 23:00,22.33333333,42.5,28.66666667,40.5,34,53.33333333,1
2021-08-13,0:00:00,13/08/21 00:00,21,46.16666667,28.5,42.25,34,52.66666667,1
2021-08-13,1:00:00,13/08/21 01:00,20.33333333,48.5,28.5,45.58333333,33.66666667,53,1
2021-08-13,2:00:00,13/08/21 02:00,19.33333333,52.16666667,28.5,42.91666667,33.5,53.83333333,1
2021-08-13,3:00:00,13/08/21 03:00,18.66666667,56.5,28,45.25,33.16666667,53,1
2021-08-13,4:00:00,13/08/21 04:00,18.16666667,58,28,46.75,33,54.16666667,1
2021-08-13,5:00:00,13/08/21 05:00,17.5,56.5,27.66666667,48.41666667,33.16666667,55.16666667,1
2021-08-13,6:00:00,13/08/21 06:00,17.66666667,56.5,27.66666667,54.58333333,33,54.66666667,1
2021-08-13,7:00:00,13/08/21 07:00,20.16666667,54.66666667,27.33333333,60.41666667,33,53.66666667,1
2021-08-13,8:00:00,13/08/21 08:00,26.66666667,42,28.16666667,63.5,33,54.5,1
2021-08-13,9:00:00,13/08/21 09:00,29.83333333,35.33333333,29.5,68.41666667,33.33333333,53,1
2021-08-13,10:00:00,13/08/21 10:00,32,30.66666667,31.33333333,63.5,34,51.6,1
2021-08-13,11:00:00,13/08/21 11:00,33.66666667,28.33333333,31.83333333,58,34.83333333,47,1
2021-08-13,12:00:00,13/08/21 12:00,35.5,28.33333333,27.5,52.91666667,35,44,1
2021-08-13,13:00:00,13/08/21 13:00,36.66666667,26.66666667,26.5,56.58333333,35,46.33333333,1
2021-08-13,14:00:00,13/08/21 14:00,37.33333333,27.16666667,26.83333333,58.75,34.83333333,45.33333333,1
2021-08-13,15:00:00,13/08/21 15:00,36.83333333,29,26.66666667,59,35,47.66666667,1
2021-08-13,16:00:00,13/08/21 16:00,36.33333333,27.16666667,27,58.91666667,35,46.5,1
2021-08-13,17:00:00,13/08/21 17:00,34.66666667,26.16666667,26.33333333,59.16666667,35,49.33333333,1
2021-08-13,18:00:00,13/08/21 18:00,31.16666667,31.66666667,26.08333333,57,35,50.5,1
2021-08-13,19:00:00,13/08/21 19:00,28,35,26.91666667,53.58333333,34.16666667,49,1
2021-08-13,20:00:00,13/08/21 20:00,25.33333333,40.5,27.16666667,50.91666667,34,49.16666667,1
2021-08-13,21:00:00,13/08/21 21:00,24,40.66666667,27.41666667,46.25,34,51.16666667,1
2021-08-13,22:00:00,13/08/21 22:00,22.66666667,48.33333333,27.5,43.41666667,34,52.33333333,1
2021-08-13,23:00:00,13/08/21 23:00,22,48.83333333,27.75,42.75,34,51.5,1
2021-08-14,0:00:00,14/08/21 00:00,21.66666667,52.5,28,44.16666667,33.66666667,51.66666667,0
2021-08-14,1:00:00,14/08/21 01:00,21,54.83333333,28.08333333,44.25,34,54.66666667,0
2021-08-14,2:00:00,14/08/21 02:00,20,57,28.16666667,44.75,33.83333333,51.83333333,0
2021-08-14,3:00:00,14/08/21 03:00,19.5,58,28,46.16666667,33.16666667,53.16666667,0
2021-08-14,4:00:00,14/08/21 04:00,19,59.83333333,28.08333333,47,33,53.66666667,0
2021-08-14,5:00:00,14/08/21 05:00,18.5,60.66666667,28.33333333,49.83333333,33,53.33333333,0
2021-08-14,6:00:00,14/08/21 06:00,18,61.66666667,28.41666667,56.83333333,33,55.33333333,0
2021-08-14,7:00:00,14/08/21 07:00,20.66666667,59,28.25,64.75,33,53.66666667,0
2021-08-14,8:00:00,14/08/21 08:00,25.66666667,51,28.41666667,65.33333333,33,54.16666667,0
2021-08-14,9:00:00,14/08/21 09:00,28.5,42,29.83333333,66.41666667,33.4,53,0
2021-08-14,10:00:00,14/08/21 10:00,29.83333333,38,31.41666667,62.5,34,52.33333333,0
2021-08-14,11:00:00,14/08/21 11:00,33.33333333,32.83333333,32.33333333,63.08333333,34.66666667,51.5,0
2021-08-14,12:00:00,14/08/21 12:00,35.16666667,30.66666667,33.08333333,59.58333333,35.16666667,55.16666667,0
2021-08-14,13:00:00,14/08/21 13:00,33.16666667,34,32.58333333,50.75,35,54,0
2021-08-14,14:00:00,14/08/21 14:00,36,30.66666667,32.75,51.25,35,55.66666667,0
2021-08-14,15:00:00,14/08/21 15:00,37.5,27.66666667,33.5,55,35.66666667,55.66666667,0
2021-08-14,16:00:00,14/08/21 16:00,35.66666667,33.5,33.58333333,51.16666667,36,51,0
2021-08-14,17:00:00,14/08/21 17:00,35,34.16666667,33.5,49.41666667,35.5,46,0
2021-08-14,18:00:00,14/08/21 18:00,30.33333333,39.66666667,32.83333333,47.5,35,45,0
2021-08-14,19:00:00,14/08/21 19:00,28,42,31.66666667,45.25,35,46.33333333,0
2021-08-14,20:00:00,14/08/21 20:00,26,48.5,31.08333333,42.5,34.33333333,46.66666667,0
2021-08-14,21:00:00,14/08/21 21:00,24.33333333,56,30.83333333,42.25,34.16666667,51.33333333,0
2021-08-14,22:00:00,14/08/21 22:00,23.66666667,60,30.16666667,43.16666667,34,53.5,0
2021-08-14,23:00:00,14/08/21 23:00,22.66666667,65,30.08333333,44.5,34,52.16666667,0
2021-08-15,0:00:00,15/08/21 00:00,21.33333333,69,29.83333333,46.58333333,33.83333333,53.5,0
2021-08-15,1:00:00,15/08/21 01:00,20.16666667,73,29.58333333,48.08333333,34,55.16666667,0
2021-08-15,2:00:00,15/08/21 02:00,20,76.66666667,29.33333333,47.41666667,33.83333333,54.66666667,0
2021-08-15,3:00:00,15/08/21 03:00,20,77,28.75,50.58333333,33.5,55.33333333,0
2021-08-15,4:00:00,15/08/21 04:00,19.83333333,78.5,28.58333333,51.5,33.66666667,57.66666667,0
2021-08-15,5:00:00,15/08/21 05:00,19,80,28.41666667,52.16666667,33,56.66666667,0
2021-08-15,6:00:00,15/08/21 06:00,19,80.5,29.08333333,55.66666667,33.5,58.5,0
2021-08-15,7:00:00,15/08/21 07:00,21,75.6,29.58333333,61.75,33,57.2,0
2021-08-15,8:00:00,15/08/21 08:00,25.83333333,59.66666667,30.25,66.33333333,33.66666667,57.16666667,0
2021-08-15,9:00:00,15/08/21 09:00,28.83333333,50.83333333,31.25,68.83333333,34,56,0
2021-08-15,10:00:00,15/08/21 10:00,31.33333333,44.5,32.5,64.58333333,34.83333333,55.16666667,0
2021-08-15,11:00:00,15/08/21 11:00,34.16666667,37.33333333,33.58333333,60.16666667,35.33333333,54.5,0
2021-08-15,12:00:00,15/08/21 12:00,35.5,35.66666667,33.83333333,60,36,56.33333333,0
2021-08-15,13:00:00,15/08/21 13:00,37.83333333,32.16666667,34.66666667,55.33333333,36,58.5,0
2021-08-15,14:00:00,15/08/21 14:00,39.5,30.66666667,35.41666667,50.91666667,36,60.5,0
2021-08-15,15:00:00,15/08/21 15:00,39.16666667,31.83333333,35.75,50.5,36,57.83333333,0
2021-08-15,16:00:00,15/08/21 16:00,39,32.16666667,35.83333333,48.41666667,36,59.5,0
2021-08-15,17:00:00,15/08/21 17:00,37.5,32.5,35,49.5,35.33333333,57.66666667,0
2021-08-15,18:00:00,15/08/21 18:00,34.5,36.5,33.33333333,51,35,52.33333333,0
2021-08-15,19:00:00,15/08/21 19:00,30.66666667,43.5,32.91666667,49.33333333,34.66666667,49.5,0
2021-08-15,20:00:00,15/08/21 20:00,28.16666667,48.5,31.83333333,45.41666667,34,48.16666667,0
2021-08-15,21:00:00,15/08/21 21:00,26.16666667,52.33333333,31.25,42.58333333,34,54,0
2021-08-15,22:00:00,15/08/21 22:00,24.66666667,57.5,31,40.83333333,34,53.66666667,0
2021-08-15,23:00:00,15/08/21 23:00,23.33333333,60.83333333,30.75,41.66666667,34,55.16666667,0
2021-08-16,0:00:00,16/08/21 00:00,21.83333333,66,30.16666667,42.25,34,55,1
2021-08-16,1:00:00,16/08/21 01:00,21,67.5,29.5,41.25,34,55.83333333,1
2021-08-16,2:00:00,16/08/21 02:00,20.5,69.16666667,29.58333333,44.58333333,33.83333333,54,1
2021-08-16,3:00:00,16/08/21 03:00,19.83333333,74.16666667,29.25,44.66666667,33.33333333,54.66666667,1
2021-08-16,4:00:00,16/08/21 04:00,19.16666667,77.16666667,28.83333333,50.33333333,33,55.16666667,1
2021-08-16,5:00:00,16/08/21 05:00,19,76,28.5,49.08333333,33,56.16666667,1
2021-08-16,6:00:00,16/08/21 06:00,19,76.83333333,28.91666667,55.33333333,33,58.66666667,1
2021-08-16,7:00:00,16/08/21 07:00,21.16666667,73,29,59,33,58,1
2021-08-16,8:00:00,16/08/21 08:00,25.66666667,59.83333333,29.66666667,64.33333333,33,56.66666667,1
2021-08-16,9:00:00,16/08/21 09:00,29.33333333,49.16666667,31,65.91666667,33.66666667,54.16666667,1
2021-08-16,10:00:00,16/08/21 10:00,30.5,46.66666667,32.25,64.83333333,34.16666667,55.33333333,1
2021-08-16,11:00:00,16/08/21 11:00,34,41,33.25,63.75,35,56,1
2021-08-16,12:00:00,16/08/21 12:00,36.5,36.16666667,33.58333333,61.41666667,35.83333333,58.66666667,1
2021-08-16,13:00:00,16/08/21 13:00,37.83333333,33.33333333,33.66666667,59.08333333,36,56.5,1
2021-08-16,14:00:00,16/08/21 14:00,38,35.33333333,30.16666667,56.41666667,35.66666667,56.66666667,1
2021-08-16,15:00:00,16/08/21 15:00,37.83333333,36.83333333,28.66666667,58.41666667,35,57.83333333,1
2021-08-16,16:00:00,16/08/21 16:00,36.83333333,37.16666667,28.16666667,57.33333333,35,55.33333333,1
2021-08-16,17:00:00,16/08/21 17:00,34.66666667,38.16666667,26.91666667,54.5,35,58.16666667,1
2021-08-16,18:00:00,16/08/21 18:00,31.33333333,45,25.83333333,58.16666667,35,59,1
2021-08-16,19:00:00,16/08/21 19:00,28.16666667,53,25.08333333,59,35,55.83333333,1
2021-08-16,20:00:00,16/08/21 20:00,26.5,58.83333333,23.5,59.25,34.5,56.33333333,1
2021-08-16,21:00:00,16/08/21 21:00,25,64,21.91666667,62.83333333,34,55.33333333,1
2021-08-16,22:00:00,16/08/21 22:00,23.66666667,69.33333333,21.08333333,63.66666667,34,56.16666667,1
2021-08-16,23:00:00,16/08/21 23:00,22.33333333,72.83333333,21.75,65.75,34,57,1
2021-08-17,0:00:00,17/08/21 00:00,22,76,22.75,66,33.83333333,58,0
2021-08-17,1:00:00,17/08/21 01:00,21,80.5,23.25,63.41666667,33.5,56.5,0
2021-08-17,2:00:00,17/08/21 02:00,20.66666667,82.5,23.58333333,63.5,33,56.5,0
2021-08-17,3:00:00,17/08/21 03:00,20,82.5,24.25,62.41666667,33,56.5,0
2021-08-17,4:00:00,17/08/21 04:00,20,86.33333333,25.08333333,61.75,33,58,0
2021-08-17,5:00:00,17/08/21 05:00,19.5,87.5,25.58333333,58.5,33,57,0
2021-08-17,6:00:00,17/08/21 06:00,19.5,89.16666667,27.08333333,65.83333333,33,59.5,0
2021-08-17,7:00:00,17/08/21 07:00,21.5,88.83333333,28.58333333,72.75,33.16666667,61.16666667,0
2021-08-17,8:00:00,17/08/21 08:00,25.16666667,75.66666667,29.25,73.08333333,33.83333333,63,0
2021-08-17,9:00:00,17/08/21 09:00,27.83333333,64.33333333,30.75,74.5,34.16666667,62.66666667,0
2021-08-17,10:00:00,17/08/21 10:00,30,56.16666667,33,72.75,35,62.16666667,0
2021-08-17,11:00:00,17/08/21 11:00,32.16666667,49.5,34.41666667,65.08333333,36,62,0
2021-08-17,12:00:00,17/08/21 12:00,33.5,45.33333333,34.66666667,57.5,36.16666667,59.66666667,0
2021-08-17,13:00:00,17/08/21 13:00,35,42.33333333,35,54,36,58.66666667,0
2021-08-17,14:00:00,17/08/21 14:00,35.66666667,40.83333333,35.08333333,54.33333333,36,58.16666667,0
2021-08-17,15:00:00,17/08/21 15:00,35,42.5,35,56.75,36,59,0
2021-08-17,16:00:00,17/08/21 16:00,34.66666667,42,34.5,55.83333333,36,59.33333333,0
2021-08-17,17:00:00,17/08/21 17:00,32,47.66666667,33.66666667,53.83333333,35.83333333,60.16666667,0
2021-08-17,18:00:00,17/08/21 18:00,28.66666667,52.5,32.41666667,52.25,35,57.5,0
2021-08-17,19:00:00,17/08/21 19:00,26,60.33333333,31,51,35,55.5,0
2021-08-17,20:00:00,17/08/21 20:00,24,68.16666667,29.91666667,49.33333333,34.16666667,54.5,0
2021-08-17,21:00:00,17/08/21 21:00,22.5,74,29,49.25,34,56.66666667,0
2021-08-17,22:00:00,17/08/21 22:00,21.83333333,78.83333333,28.5,49.41666667,34,56.5,0
2021-08-17,23:00:00,17/08/21 23:00,21,82.83333333,28.5,52.75,34,58.66666667,0
2021-08-18,0:00:00,18/08/21 00:00,20.33333333,86.66666667,28.5,52,34,59.16666667,0
2021-08-18,1:00:00,18/08/21 01:00,20,87,28.5,52.83333333,33,57.16666667,0
2021-08-18,2:00:00,18/08/21 02:00,20,87.16666667,28.75,51.83333333,33,57.16666667,0
2021-08-18,3:00:00,18/08/21 03:00,20.83333333,87.66666667,29,53.5,33,56.66666667,0
2021-08-18,4:00:00,18/08/21 04:00,21,88.16666667,29,53.16666667,33,56,0
2021-08-18,5:00:00,18/08/21 05:00,21,83.66666667,29.5,53.25,33,56.16666667,0
2021-08-18,6:00:00,18/08/21 06:00,20.66666667,82.16666667,30,61.41666667,33,59.5,0
2021-08-18,7:00:00,18/08/21 07:00,21.5,75.5,30.83333333,60.5,33.16666667,59.5,0
2021-08-18,8:00:00,18/08/21 08:00,23.33333333,70.16666667,31.16666667,63.58333333,33.33333333,58.83333333,0
2021-08-18,9:00:00,18/08/21 09:00,24.83333333,61.5,31.41666667,63.16666667,34,58.5,0
2021-08-18,10:00:00,18/08/21 10:00,25.66666667,61,32.25,61.08333333,34,59.33333333,0
2021-08-18,11:00:00,18/08/21 11:00,26.66666667,59.16666667,33,58.66666667,34,57,0
2021-08-18,12:00:00,18/08/21 12:00,27.83333333,55.5,33.33333333,55.66666667,34.5,55.5,0
2021-08-18,13:00:00,18/08/21 13:00,27.33333333,56,33,57.41666667,34.83333333,55.66666667,0
2021-08-18,14:00:00,18/08/21 14:00,28,56.33333333,33.08333333,60.33333333,35,56.33333333,0
2021-08-18,15:00:00,18/08/21 15:00,28.66666667,55.5,34,63.58333333,35.8,58.4,0
2021-08-18,16:00:00,18/08/21 16:00,27,59.5,34.33333333,52.25,36,55.33333333,0
2021-08-18,17:00:00,18/08/21 17:00,26.16666667,60.16666667,34.75,50.25,35.66666667,56.5,0
2021-08-18,18:00:00,18/08/21 18:00,25.83333333,61.33333333,33.91666667,48.91666667,35.16666667,59,0
2021-08-18,19:00:00,18/08/21 19:00,23.33333333,69.83333333,33.08333333,48,35,58,0
2021-08-18,20:00:00,18/08/21 20:00,22,75.66666667,31.66666667,47.83333333,34.16666667,56.83333333,0
2021-08-18,21:00:00,18/08/21 21:00,21,79.66666667,30.41666667,46.66666667,34,57.83333333,0
2021-08-18,22:00:00,18/08/21 22:00,21,82.83333333,29.5,49.16666667,34,56,0
2021-08-18,23:00:00,18/08/21 23:00,21,83.33333333,29.5,50.66666667,34,58.16666667,0
2021-08-19,0:00:00,19/08/21 00:00,20.16666667,86,29.5,51,34,56.5,0
2021-08-19,1:00:00,19/08/21 01:00,20.16666667,87.66666667,29.5,50.83333333,33.66666667,57.83333333,0
2021-08-19,2:00:00,19/08/21 02:00,20,88.5,29.5,50.58333333,33.66666667,59.33333333,0
2021-08-19,3:00:00,19/08/21 03:00,18.83333333,90.83333333,29.5,52.41666667,33,59,0
2021-08-19,4:00:00,19/08/21 04:00,18.5,92.16666667,29,54.58333333,33,57.6,0
2021-08-19,5:00:00,19/08/21 05:00,18,95,28.75,54.16666667,33,59.5,0
2021-08-19,6:00:00,19/08/21 06:00,18.5,95.16666667,29.25,58.58333333,33,59.6,0
2021-08-19,7:00:00,19/08/21 07:00,20.16666667,92.5,30.91666667,62.16666667,33,61,0
2021-08-19,8:00:00,19/08/21 08:00,22.66666667,82.33333333,32.25,65.16666667,33.8,64,0
2021-08-19,9:00:00,19/08/21 09:00,25.83333333,62,34,67.16666667,34.8,62,0
2021-08-19,10:00:00,19/08/21 10:00,27.33333333,51.66666667,34.5,63.08333333,35,61,0
2021-08-19,11:00:00,19/08/21 11:00,28.66666667,46.5,34.66666667,57.75,35.33333333,56.83333333,0
2021-08-19,12:00:00,19/08/21 12:00,30,43,34.5,55.08333333,35.83333333,52,0
2021-08-19,13:00:00,19/08/21 13:00,31.33333333,41,34.58333333,56.08333333,36,51.16666667,0
2021-08-19,14:00:00,19/08/21 14:00,32,38.66666667,34.5,53.08333333,36,50.5,0
2021-08-19,15:00:00,19/08/21 15:00,31.83333333,39.16666667,34.5,50.66666667,36,50.16666667,0
2021-08-19,16:00:00,19/08/21 16:00,31.5,42,33.75,52.41666667,35.66666667,47.33333333,0
2021-08-19,17:00:00,19/08/21 17:00,29.5,44.5,33,51,35,47,0
2021-08-19,18:00:00,19/08/21 18:00,26,52.66666667,31.58333333,48.25,34.66666667,47.83333333,0
2021-08-19,19:00:00,19/08/21 19:00,23.16666667,60,29.91666667,45.41666667,34,50.5,0
2021-08-19,20:00:00,19/08/21 20:00,21.33333333,68.66666667,28.75,45.08333333,34,54,0
2021-08-19,21:00:00,19/08/21 21:00,20.5,71.66666667,28.08333333,45,34,53.66666667,0
2021-08-19,22:00:00,19/08/21 22:00,19.33333333,75.16666667,27.83333333,45.33333333,34,55.66666667,0
2021-08-19,23:00:00,19/08/21 23:00,18.83333333,77.5,27.25,44.91666667,33.66666667,57.5,0
2021-08-20,0:00:00,20/08/21 00:00,18,83,27.08333333,46.5,33.33333333,58.33333333,0
2021-08-20,1:00:00,20/08/21 01:00,17.83333333,85.83333333,27,46.16666667,33,57.66666667,0
2021-08-20,2:00:00,20/08/21 02:00,17.16666667,86.66666667,27.33333333,49.91666667,33,57.66666667,0
2021-08-20,3:00:00,20/08/21 03:00,16.16666667,91,27.08333333,51.25,33,57.5,0
2021-08-20,4:00:00,20/08/21 04:00,16,92.16666667,26.58333333,54.5,32.5,57.83333333,0
2021-08-20,5:00:00,20/08/21 05:00,16.33333333,93.83333333,26.08333333,57.5,32.16666667,57,0
2021-08-20,6:00:00,20/08/21 06:00,17.5,92.83333333,26.66666667,59,32,57.66666667,0
2021-08-20,7:00:00,20/08/21 07:00,18.33333333,89.5,27.58333333,65.16666667,32,58.83333333,0
2021-08-20,8:00:00,20/08/21 08:00,19.66666667,84.5,28.41666667,64.58333333,32,59.5,0
2021-08-20,9:00:00,20/08/21 09:00,20.66666667,79,29.5,60,32.66666667,56.83333333,0
2021-08-20,10:00:00,20/08/21 10:00,21.83333333,73.5,30.58333333,63,33,58.2,0
2021-08-20,11:00:00,20/08/21 11:00,25.16666667,64.5,32.25,64.16666667,33.16666667,59.5,0
2021-08-20,12:00:00,20/08/21 12:00,28.16666667,54,34.5,61.33333333,34.16666667,58.5,0
2021-08-20,13:00:00,20/08/21 13:00,30.5,46.83333333,34.5,59.58333333,35.16666667,56.16666667,0
2021-08-20,14:00:00,20/08/21 14:00,31.66666667,43.5,35.16666667,55.58333333,36,52,0
2021-08-20,15:00:00,20/08/21 15:00,32.16666667,42,35.08333333,54.25,36,53.16666667,0
2021-08-20,16:00:00,20/08/21 16:00,31.83333333,43.66666667,33.5,39.5,36,50,0
2021-08-20,17:00:00,20/08/21 17:00,29.66666667,48.33333333,34.375,42.125,35.16666667,47.83333333,0
2021-08-20,18:00:00,20/08/21 18:00,26,55.16666667,33.25,40.66666667,34.66666667,48.33333333,0
2021-08-20,19:00:00,20/08/21 19:00,23.33333333,63.16666667,31.75,41.25,34,47.16666667,0
2021-08-20,20:00:00,20/08/21 20:00,21.5,66.66666667,30.08333333,43,34,50.16666667,0
2021-08-20,21:00:00,20/08/21 21:00,20.33333333,71.16666667,29.08333333,42.5,33.83333333,52.33333333,0
2021-08-20,22:00:00,20/08/21 22:00,19.5,74.5,28.5,44.41666667,33.66666667,56.5,0
2021-08-20,23:00:00,20/08/21 23:00,19,78.16666667,28.5,46.41666667,33.16666667,56.66666667,0
2021-08-21,0:00:00,21/08/21 00:00,18,81.5,28.08333333,45.83333333,33,58,0
2021-08-21,1:00:00,21/08/21 01:00,18.66666667,82.66666667,27.66666667,46.75,33,56.5,0
2021-08-21,2:00:00,21/08/21 02:00,18.83333333,81.66666667,28,47.66666667,33,57.66666667,0
2021-08-21,3:00:00,21/08/21 03:00,19,84.16666667,28.33333333,49.16666667,33,57.33333333,0
2021-08-21,4:00:00,21/08/21 04:00,19,83,28.58333333,49.83333333,33,58,0
2021-08-21,5:00:00,21/08/21 05:00,19,83,28.58333333,53.25,32.83333333,56.33333333,0
2021-08-21,6:00:00,21/08/21 06:00,19,84.33333333,28.75,55.75,33,58.16666667,0
2021-08-21,7:00:00,21/08/21 07:00,19,85.16666667,29.5,60.25,33,56.5,0
2021-08-21,8:00:00,21/08/21 08:00,20,83.83333333,29.75,63.75,33,57.83333333,0
2021-08-21,9:00:00,21/08/21 09:00,20.4,80.6,30.41666667,61.75,33,57.2,0
2021-08-21,10:00:00,21/08/21 10:00,21,79,31.08333333,61.08333333,33,58,0
2021-08-21,11:00:00,21/08/21 11:00,22.16666667,74.83333333,31.83333333,60.16666667,33,58.5,0
2021-08-21,12:00:00,21/08/21 12:00,23.33333333,68.66666667,32,59.75,33.16666667,57.33333333,0
2021-08-21,13:00:00,21/08/21 13:00,26.5,60.33333333,32.5,62.58333333,33.66666667,55.5,0
2021-08-21,14:00:00,21/08/21 14:00,27,56.5,33.75,66.33333333,34,56.33333333,0
2021-08-21,15:00:00,21/08/21 15:00,28.33333333,53,34,64.16666667,34.5,56.83333333,0
2021-08-21,16:00:00,21/08/21 16:00,28.66666667,51.83333333,34.5,59.66666667,35,56.16666667,0
2021-08-21,17:00:00,21/08/21 17:00,27.5,55.16666667,33.83333333,60.5,35,55.33333333,0
2021-08-21,18:00:00,21/08/21 18:00,24.5,59.66666667,33.08333333,59.16666667,35,55.16666667,0
2021-08-21,19:00:00,21/08/21 19:00,21.66666667,66.83333333,32,53.5,34.33333333,55.16666667,0
2021-08-21,20:00:00,21/08/21 20:00,20.16666667,69.16666667,30.5,49.75,34,52.83333333,0
2021-08-21,21:00:00,21/08/21 21:00,19.16666667,70.5,29.5,48.66666667,34,54.66666667,0
2021-08-21,22:00:00,21/08/21 22:00,18.16666667,73.5,29,47.83333333,33.33333333,53.5,0
2021-08-21,23:00:00,21/08/21 23:00,17.33333333,78,28.5,47.16666667,33,55.5,0
2021-08-22,0:00:00,22/08/21 00:00,17,83.5,27.83333333,48.25,33,56.83333333,0
2021-08-22,1:00:00,22/08/21 01:00,17.66666667,87.33333333,28.08333333,50.91666667,33,56.66666667,0
2021-08-22,2:00:00,22/08/21 02:00,18,86.66666667,28.25,49.66666667,32.8,56.6,0
2021-08-22,3:00:00,22/08/21 03:00,18.16666667,84.83333333,28.08333333,51.16666667,32.83333333,56.5,0
2021-08-22,4:00:00,22/08/21 04:00,18,83.33333333,28.5,52,32.33333333,56.16666667,0
2021-08-22,5:00:00,22/08/21 05:00,18,84.33333333,28.5,53.16666667,32.33333333,57.33333333,0
2021-08-22,6:00:00,22/08/21 06:00,18,83.5,28.5,54.91666667,32,56.66666667,0
2021-08-22,7:00:00,22/08/21 07:00,18.66666667,83.16666667,29.08333333,60.41666667,32.5,55.33333333,0
2021-08-22,8:00:00,22/08/21 08:00,19.16666667,80.33333333,29.41666667,62.91666667,32.33333333,56,0
2021-08-22,9:00:00,22/08/21 09:00,20,78.66666667,29.91666667,63.75,32.83333333,55.83333333,0
2021-08-22,10:00:00,22/08/21 10:00,21.5,72.66666667,30.83333333,63.58333333,33,55.33333333,0
2021-08-22,11:00:00,22/08/21 11:00,24,64,31.58333333,63.33333333,33,55.5,0
2021-08-22,12:00:00,22/08/21 12:00,26.5,56,33.41666667,65.5,33.33333333,56.33333333,0
2021-08-22,13:00:00,22/08/21 13:00,28.83333333,50.66666667,34.41666667,68.16666667,34,54.16666667,0
2021-08-22,14:00:00,22/08/21 14:00,29.66666667,46,34.5,66.25,35,54.66666667,0
2021-08-22,15:00:00,22/08/21 15:00,30.83333333,43.66666667,34.5,64.5,35,48.5,0
2021-08-22,16:00:00,22/08/21 16:00,31.83333333,43.5,34.58333333,65.58333333,35,47.8,0
2021-08-22,17:00:00,22/08/21 17:00,30.33333333,44.83333333,34.16666667,61,35,45.5,0
2021-08-22,18:00:00,22/08/21 18:00,26.5,53.33333333,32.91666667,59.33333333,35,49,0
2021-08-22,19:00:00,22/08/21 19:00,23.16666667,61.5,31.33333333,57.41666667,34.33333333,48.83333333,0
2021-08-22,20:00:00,22/08/21 20:00,21,68.5,29.91666667,53.08333333,34,52.16666667,0
2021-08-22,21:00:00,22/08/21 21:00,19.66666667,72.83333333,29.08333333,51.5,34,53.5,0
2021-08-22,22:00:00,22/08/21 22:00,18.83333333,73.16666667,28.58333333,53.75,34,55,0
2021-08-22,23:00:00,22/08/21 23:00,17.83333333,78.16666667,27.33333333,51.5,33.33333333,54,0
2021-08-23,0:00:00,23/08/21 00:00,16.5,82,26.41666667,52.91666667,33,54.16666667,0
2021-08-23,1:00:00,23/08/21 01:00,15.83333333,85,25.75,53,33,53.83333333,0
2021-08-23,2:00:00,23/08/21 02:00,15,88.16666667,25.5,56,33,54.16666667,0
2021-08-23,3:00:00,23/08/21 03:00,15,89.33333333,25,58.83333333,32.83333333,52.16666667,0
2021-08-23,4:00:00,23/08/21 04:00,14.33333333,91.83333333,25,63,32.33333333,54.33333333,0
2021-08-23,5:00:00,23/08/21 05:00,14,93.33333333,24.66666667,66.75,32,52.16666667,0
2021-08-23,6:00:00,23/08/21 06:00,14,92.5,24.5,68.91666667,32,52.5,0
2021-08-23,7:00:00,23/08/21 07:00,16.16666667,92.16666667,24.08333333,67,32,53.83333333,0
2021-08-23,8:00:00,23/08/21 08:00,20.5,77.16666667,25.41666667,66.08333333,32,54.5,0
2021-08-23,9:00:00,23/08/21 09:00,23.83333333,67,29.16666667,72.41666667,32.16666667,54.83333333,0
2021-08-23,10:00:00,23/08/21 10:00,25.5,59.16666667,32.66666667,71.83333333,33,54.66666667,0
2021-08-23,11:00:00,23/08/21 11:00,27.33333333,54.33333333,34.58333333,65.66666667,33.5,54.16666667,0
2021-08-23,12:00:00,23/08/21 12:00,29.16666667,50,35,64.58333333,34.33333333,55.5,0
2021-08-23,13:00:00,23/08/21 13:00,30.5,46.16666667,35.08333333,67.16666667,35,56.5,0
2021-08-23,14:00:00,23/08/21 14:00,31.66666667,42.33333333,35.08333333,66.16666667,35.16666667,56.5,0
2021-08-23,15:00:00,23/08/21 15:00,32.83333333,39.33333333,35.16666667,62.91666667,36,57.16666667,0
2021-08-23,16:00:00,23/08/21 16:00,33,40.25,34.91666667,64.83333333,36,52.5,0
2021-08-23,17:00:00,23/08/21 17:00,30.6,42.6,33.91666667,68.75,35,51,0
2021-08-23,18:00:00,23/08/21 18:00,27.33333333,52.5,33,69.16666667,35,51.16666667,0
2021-08-23,19:00:00,23/08/21 19:00,24,61.16666667,31.08333333,64.5,34.5,48.83333333,0
2021-08-23,20:00:00,23/08/21 20:00,22,65.5,29.25,63.41666667,34,49.33333333,0
2021-08-23,21:00:00,23/08/21 21:00,20.66666667,71.66666667,27.83333333,61.33333333,34,47,0
2021-08-23,22:00:00,23/08/21 22:00,19.5,75.5,27.33333333,60.75,33.83333333,53.83333333,0
2021-08-23,23:00:00,23/08/21 23:00,18.16666667,81.33333333,26.91666667,62.41666667,33.66666667,54.16666667,0
2021-08-24,0:00:00,24/08/21 00:00,17,84.33333333,26.5,63.16666667,33.66666667,56.16666667,0
2021-08-24,1:00:00,24/08/21 01:00,16.16666667,86.33333333,26.08333333,63.91666667,33,56.66666667,0
2021-08-24,2:00:00,24/08/21 02:00,16,88.16666667,25.66666667,63.75,33,55.5,0
2021-08-24,3:00:00,24/08/21 03:00,15.5,90.66666667,25.5,67.33333333,33,52.33333333,0
2021-08-24,4:00:00,24/08/21 04:00,15,91.33333333,25,69.75,32.83333333,51.66666667,0
2021-08-24,5:00:00,24/08/21 05:00,15,93,24.25,72,32.5,48.5,0
2021-08-24,6:00:00,24/08/21 06:00,14.83333333,94.66666667,24.33333333,74.16666667,32,51.66666667,0
2021-08-24,7:00:00,24/08/21 07:00,16,94.66666667,25.5,77.08333333,32,54.5,0
2021-08-24,8:00:00,24/08/21 08:00,20.66666667,83.66666667,26.41666667,78.66666667,32,54.16666667,0
2021-08-24,9:00:00,24/08/21 09:00,25,66.33333333,29.08333333,79.75,32.16666667,54.66666667,0
2021-08-24,10:00:00,24/08/21 10:00,27.66666667,57.33333333,31.5,76.25,32.83333333,56.83333333,0
2021-08-24,11:00:00,24/08/21 11:00,29.16666667,49.16666667,23.75,68.83333333,33,55.6,0
2021-08-24,12:00:00,24/08/21 12:00,32.5,41.83333333,22.5,72.75,33.83333333,54.5,0
2021-08-24,13:00:00,24/08/21 13:00,34.66666667,35.16666667,22.91666667,75.75,34,51.66666667,0
2021-08-24,14:00:00,24/08/21 14:00,35.4,31.8,24.41666667,78.91666667,34.33333333,53.83333333,0
2021-08-24,15:00:00,24/08/21 15:00,36.5,30.83333333,25.58333333,76.66666667,34.83333333,47.66666667,0
2021-08-24,16:00:00,24/08/21 16:00,35.83333333,33.66666667,26.16666667,72.91666667,35,49.83333333,0
2021-08-24,17:00:00,24/08/21 17:00,32.83333333,40.33333333,25.91666667,72.83333333,35,56.5,0
2021-08-24,18:00:00,24/08/21 18:00,28.83333333,47.66666667,24.83333333,72.75,35,53.83333333,0
2021-08-24,19:00:00,24/08/21 19:00,25.5,55.16666667,23.41666667,71.75,34.66666667,56.33333333,0
2021-08-24,20:00:00,24/08/21 20:00,23.33333333,61.33333333,23,69.58333333,34,55.66666667,0
2021-08-24,21:00:00,24/08/21 21:00,21.16666667,68.5,23,68.25,34,56.5,0
2021-08-24,22:00:00,24/08/21 22:00,20.16666667,73.83333333,23.75,67.75,33.83333333,56.66666667,0
2021-08-24,23:00:00,24/08/21 23:00,19,77.83333333,24.25,67.5,33,56.33333333,0
2021-09-14,0:00:00,14/09/21 00:00,17.4,64,26.75,63.16666667,33.6,57.6,1
2021-09-14,1:00:00,14/09/21 01:00,16.42857143,67.14285714,26.5,64.16666667,33,58,1
2021-09-14,2:00:00,14/09/21 02:00,16,67.66666667,26.16666667,65.75,33,60.16666667,1
2021-09-14,3:00:00,14/09/21 03:00,16,67.5,25.91666667,64.58333333,32.66666667,58,1
2021-09-14,4:00:00,14/09/21 04:00,15,67.5,25.75,63.75,32.16666667,56.83333333,1
2021-09-14,5:00:00,14/09/21 05:00,14.16666667,70.33333333,25.41666667,65.08333333,32,57.5,1
2021-09-14,6:00:00,14/09/21 06:00,14,73.33333333,25.08333333,66.25,32,60.33333333,1
2021-09-14,7:00:00,14/09/21 07:00,14.33333333,76,25.25,67.75,31.83333333,60.5,1
2021-09-14,8:00:00,14/09/21 08:00,21.6,62.4,26.16666667,69.25,32,60.8,1
2021-09-14,9:00:00,14/09/21 09:00,25.66666667,50.66666667,27.25,67.83333333,32.16666667,59.33333333,1
2021-09-14,10:00:00,14/09/21 10:00,28.5,42.16666667,20.66666667,68.33333333,32,58.5,1
2021-09-14,11:00:00,14/09/21 11:00,31,33.66666667,21.75,68.08333333,32,55.33333333,1
2021-09-14,12:00:00,14/09/21 12:00,34.16666667,26.66666667,23.16666667,62.83333333,32.8,54.4,1
2021-09-14,13:00:00,14/09/21 13:00,35.6,24,24.66666667,57.08333333,33.6,48.6,1
2021-09-14,14:00:00,14/09/21 14:00,36.71428571,20.42857143,25.83333333,53.08333333,34.14285714,46.57142857,1
2021-09-14,15:00:00,14/09/21 15:00,37.33333333,24.33333333,26.58333333,55.08333333,35,50.83333333,1
2021-09-14,16:00:00,14/09/21 16:00,35.66666667,24.5,26.75,54.66666667,35,55.16666667,1
2021-09-14,17:00:00,14/09/21 17:00,32.33333333,28.83333333,25.58333333,57.41666667,35,51.5,1
2021-09-14,18:00:00,14/09/21 18:00,27.66666667,36.66666667,25.33333333,57.83333333,35,53.8,1
2021-09-14,19:00:00,14/09/21 19:00,24.16666667,48.16666667,25.41666667,56.83333333,34.5,55.66666667,1
2021-09-14,20:00:00,14/09/21 20:00,21.66666667,62.66666667,25.66666667,58.66666667,34,57.4,1
2021-09-14,21:00:00,14/09/21 21:00,19.5,70.66666667,26.25,64.16666667,34,58.83333333,1
2021-09-14,22:00:00,14/09/21 22:00,18,74.66666667,26,64.58333333,34,55.2,1
2021-09-14,23:00:00,14/09/21 23:00,16.83333333,79.16666667,25.66666667,65.66666667,33.83333333,59.83333333,1
2021-09-17,0:00:00,17/09/21 00:00,15,83.8,25.41666667,65,33,60,0
2021-09-17,1:00:00,17/09/21 01:00,14.14285714,86.28571429,25,66.66666667,32.85714286,60.28571429,0
2021-09-17,2:00:00,17/09/21 02:00,14,87.33333333,24.41666667,68.83333333,32,60.33333333,0
2021-09-17,3:00:00,17/09/21 03:00,13,90.33333333,24.16666667,69.33333333,32,61.16666667,0
2021-09-17,4:00:00,17/09/21 04:00,13,92,23.75,69.75,31.4,61.2,0
2021-09-17,5:00:00,17/09/21 05:00,13,93,23.75,69.91666667,31,60.5,0
2021-09-17,6:00:00,17/09/21 06:00,12.5,94.33333333,23.25,69.66666667,31,59,0
2021-09-17,7:00:00,17/09/21 07:00,13.5,95.33333333,22.83333333,69.66666667,31,58.66666667,0
2021-09-17,8:00:00,17/09/21 08:00,15.83333333,94.16666667,23.91666667,69.75,30.16666667,58.66666667,0
2021-09-17,9:00:00,17/09/21 09:00,18.83333333,82.5,26.16666667,67.66666667,30.16666667,60.33333333,0
2021-09-17,10:00:00,17/09/21 10:00,21.5,71.5,29.25,64.83333333,31,57.83333333,0
2021-09-17,11:00:00,17/09/21 11:00,24.16666667,61.83333333,31.91666667,66.25,31.83333333,56.66666667,0
2021-09-17,12:00:00,17/09/21 12:00,26.6,54,33.16666667,65.08333333,32,56,0
2021-09-17,13:00:00,17/09/21 13:00,28.28571429,47.57142857,33.75,61.91666667,33,55.57142857,0
2021-09-17,14:00:00,17/09/21 14:00,30.83333333,42.16666667,34.25,56.5,33.66666667,55.33333333,0
2021-09-17,15:00:00,17/09/21 15:00,31.5,38.83333333,34.41666667,51.25,34.33333333,54.66666667,0
2021-09-17,16:00:00,17/09/21 16:00,31.16666667,38.16666667,30.25,39,34.5,51.66666667,0
2021-09-17,17:00:00,17/09/21 17:00,28.83333333,41.66666667,33,46.5,34.83333333,52.5,0
2021-09-17,18:00:00,17/09/21 18:00,25.6,48.8,31.83333333,48.83333333,34.5,52.5,0
2021-09-17,19:00:00,17/09/21 19:00,22.71428571,55.85714286,30.08333333,46.16666667,34,52,0
2021-09-17,20:00:00,17/09/21 20:00,20.66666667,62.5,28.5,44.08333333,34,53.83333333,0
2021-09-17,21:00:00,17/09/21 21:00,19.33333333,68,27.58333333,48.5,33.83333333,55,0
2021-09-17,22:00:00,17/09/21 22:00,18.6,73.6,27.08333333,54,33,55.75,0
2021-09-17,23:00:00,17/09/21 23:00,17.57142857,76.57142857,26.5,60.83333333,33,58.33333333,0
2021-09-18,0:00:00,18/09/21 00:00,17.16666667,78,26.16666667,63.16666667,33,59.83333333,0
2021-09-18,1:00:00,18/09/21 01:00,17,80.16666667,25.75,65.83333333,32.5,61.5,0
2021-09-18,2:00:00,18/09/21 02:00,16.16666667,82.16666667,25.5,67.41666667,32,60.66666667,0
2021-09-18,3:00:00,18/09/21 03:00,15.66666667,84.33333333,25.16666667,69.66666667,32,61.66666667,0
2021-09-18,4:00:00,18/09/21 04:00,14.83333333,86.83333333,24.66666667,69,31.83333333,60.66666667,0
2021-09-18,5:00:00,18/09/21 05:00,14.5,88.33333333,24.16666667,70.16666667,31.33333333,59,0
2021-09-18,6:00:00,18/09/21 06:00,14.16666667,91.5,24,67.83333333,31,61,0
2021-09-18,7:00:00,18/09/21 07:00,15.33333333,91.33333333,23.66666667,68.83333333,31,61.16666667,0
2021-09-18,8:00:00,18/09/21 08:00,18.66666667,84.16666667,24.83333333,71.5,31,62.8,0
2021-09-18,9:00:00,18/09/21 09:00,21.83333333,69.33333333,27.75,72.83333333,31,59.75,0
2021-09-18,10:00:00,18/09/21 10:00,24,62.33333333,30.58333333,76.41666667,31,58.16666667,0
2021-09-18,11:00:00,18/09/21 11:00,26,56.5,32,79.08333333,32,57.5,0
2021-09-18,12:00:00,18/09/21 12:00,28.33333333,49.66666667,33.08333333,75.91666667,32.33333333,56.66666667,0
2021-09-18,13:00:00,18/09/21 13:00,30.5,44,33.75,72.5,33.2,56.6,0
2021-09-18,14:00:00,18/09/21 14:00,31.66666667,41.66666667,34.5,59.41666667,34,55.2,0
2021-09-18,15:00:00,18/09/21 15:00,32,39.33333333,34.75,55.5,35,53.33333333,0
2021-09-18,16:00:00,18/09/21 16:00,31,39.33333333,34.16666667,55.91666667,35,51,0
2021-09-18,17:00:00,18/09/21 17:00,28.66666667,41.5,32.75,58.08333333,35,50.66666667,0
2021-09-18,18:00:00,18/09/21 18:00,24.66666667,49.5,31.33333333,57.5,34.83333333,48.83333333,0
2021-09-18,19:00:00,18/09/21 19:00,21.66666667,57.33333333,29.5,53.91666667,34,50.83333333,0
2021-09-18,20:00:00,18/09/21 20:00,19.66666667,64.33333333,28,50.16666667,33.83333333,51.5,0
2021-09-18,21:00:00,18/09/21 21:00,17.66666667,69.66666667,26.91666667,53.25,33,56,0
2021-09-18,22:00:00,18/09/21 22:00,16.5,74,26,58.91666667,33,56,0
2021-09-18,23:00:00,18/09/21 23:00,15.33333333,78.33333333,25.25,63.66666667,32.66666667,57,0
2021-09-26,0:00:00,26/09/21 00:00,16.66666667,85.83333333,27.33333333,64,33,58,0
2021-09-26,1:00:00,26/09/21 01:00,16,88.16666667,26.83333333,63.75,33,59,0
2021-09-26,2:00:00,26/09/21 02:00,16,90.33333333,26.5,63.33333333,33,59.16666667,0
2021-09-26,3:00:00,26/09/21 03:00,16,91.33333333,26.08333333,65.5,32.66666667,61.5,0
2021-09-26,4:00:00,26/09/21 04:00,16,91.5,25.91666667,65,32.16666667,60.66666667,0
2021-09-26,5:00:00,26/09/21 05:00,16.16666667,93.83333333,25.91666667,63.58333333,32,58.4,0
2021-09-26,6:00:00,26/09/21 06:00,16,93.33333333,25.75,65.41666667,32,58.83333333,0
2021-09-26,7:00:00,26/09/21 07:00,17,93.83333333,25.66666667,65.16666667,31.8,58.8,0
2021-09-26,8:00:00,26/09/21 08:00,17.33333333,91.5,26,65.58333333,32,60.83333333,0
2021-09-26,9:00:00,26/09/21 09:00,18.33333333,89,26.41666667,67.66666667,32,62.4,0
2021-09-26,10:00:00,26/09/21 10:00,20.5,80.66666667,27.08333333,67.41666667,33,63.5,0
2021-09-26,11:00:00,26/09/21 11:00,23.33333333,71,28.08333333,67.33333333,33.8,63.6,0
2021-09-26,12:00:00,26/09/21 12:00,25.66666667,62,29.5,67.16666667,34,58.8,0
2021-09-26,13:00:00,26/09/21 13:00,27.5,57.33333333,30.58333333,64.5,34,59.75,0
2021-09-26,14:00:00,26/09/21 14:00,27.83333333,51.83333333,31.16666667,67.08333333,34,59.2,0
2021-09-26,15:00:00,26/09/21 15:00,29,49,31.41666667,65.16666667,34.6,57.2,0
2021-09-26,16:00:00,26/09/21 16:00,27.66666667,49.83333333,31.83333333,61.41666667,35,59.25,0
2021-09-26,17:00:00,26/09/21 17:00,24.33333333,56.16666667,31,59.5,34.25,54.75,0
2021-09-26,18:00:00,26/09/21 18:00,20.5,70.33333333,30.16666667,56.75,34,54.5,0
2021-09-26,19:00:00,26/09/21 19:00,18.66666667,75,29.33333333,56.41666667,33.83333333,56.66666667,0
2021-09-26,20:00:00,26/09/21 20:00,17.66666667,79,28.58333333,58.75,33,57.66666667,0
2021-09-26,21:00:00,26/09/21 21:00,17,82.66666667,27.75,60.66666667,33,59.6,0
2021-09-26,22:00:00,26/09/21 22:00,16,86.16666667,27.16666667,61.33333333,32.5,60.25,0
2021-09-26,23:00:00,26/09/21 23:00,16,89.33333333,26.5,62.83333333,32,60.5,0
2021-09-27,0:00:00,27/09/21 00:00,16.16666667,89.33333333,26.16666667,63.41666667,32,60.8,0
2021-09-27,1:00:00,27/09/21 01:00,16.5,87.83333333,26,64,32,62.4,0
2021-09-27,2:00:00,27/09/21 02:00,17,88.66666667,26,63.25,31,61.4,0
2021-09-27,3:00:00,27/09/21 03:00,17,89,26,62.33333333,31,60.66666667,0
2021-09-27,4:00:00,27/09/21 04:00,17,88.33333333,26,62,31,61.33333333,0
2021-09-27,5:00:00,27/09/21 05:00,17,89.66666667,26,63.33333333,31,62.16666667,0
2021-09-27,6:00:00,27/09/21 06:00,17,89.33333333,25.5,63.58333333,30.4,61.8,0
2021-09-27,7:00:00,27/09/21 07:00,17,88.66666667,25.5,63.5,30.2,62.4,0
2021-09-27,8:00:00,27/09/21 08:00,18,87.66666667,26,67.91666667,30.75,62.5,0
2021-09-27,9:00:00,27/09/21 09:00,18.83333333,82.66666667,25.83333333,67.91666667,31,62.83333333,0
2021-09-27,10:00:00,27/09/21 10:00,19.66666667,77.5,26.5,67.83333333,31,66.16666667,0
2021-09-27,11:00:00,27/09/21 11:00,20.83333333,75,26.91666667,66.66666667,31,62.8,0
2021-09-27,12:00:00,27/09/21 12:00,23.16666667,67.66666667,27.16666667,67.08333333,31,62.83333333,0
2021-09-27,13:00:00,27/09/21 13:00,25.16666667,61.66666667,28.41666667,67.25,31,64.4,0
2021-09-27,14:00:00,27/09/21 14:00,26,57.5,29.25,65.25,31.8,61.6,0
2021-09-27,15:00:00,27/09/21 15:00,25.6,57,29.91666667,64,32,59.25,0
2021-09-27,16:00:00,27/09/21 16:00,25,57.8,29.66666667,63.16666667,32,56.6,0
2021-09-27,17:00:00,27/09/21 17:00,22.16666667,64.33333333,29.25,62.5,32,58,0
2021-09-27,18:00:00,27/09/21 18:00,19.28571429,75.14285714,28.5,60.66666667,32,58.14285714,0
2021-09-27,19:00:00,27/09/21 19:00,17.33333333,81.16666667,27.58333333,61.66666667,32,56.16666667,0
2021-09-27,20:00:00,27/09/21 20:00,16.5,85,27.08333333,62.33333333,31.83333333,58.5,0
2021-09-27,21:00:00,27/09/21 21:00,16,88.33333333,26.58333333,64.41666667,31.5,60.5,0
2021-09-27,22:00:00,27/09/21 22:00,16.5,89.5,26.08333333,65.83333333,31,62.8,0
2021-09-27,23:00:00,27/09/21 23:00,16.83333333,89.33333333,26,66.58333333,31,64.16666667,0
2021-09-28,0:00:00,28/09/21 00:00,17,87.5,26,65.08333333,31,61.5,0
2021-09-28,1:00:00,28/09/21 01:00,16.66666667,90.83333333,25.66666667,65.08333333,30.66666667,61.16666667,0
2021-09-28,2:00:00,28/09/21 02:00,16.83333333,89.83333333,25.5,63.66666667,30,61.16666667,0
2021-09-28,3:00:00,28/09/21 03:00,16.83333333,89.5,25.5,63.83333333,30,60.83333333,0
2021-09-28,4:00:00,28/09/21 04:00,16.4,90.8,25.5,64.66666667,30,63.8,0
2021-09-28,5:00:00,28/09/21 05:00,16.16666667,90.83333333,25.5,65.75,30,63.66666667,0
2021-09-28,6:00:00,28/09/21 06:00,16,91,25.5,67.25,30,62.8,0
2021-09-28,7:00:00,28/09/21 07:00,16.6,90.4,25.33333333,67.41666667,30,63.75,0
2021-09-28,8:00:00,28/09/21 08:00,17.16666667,87.16666667,25.41666667,67.5,30,63.16666667,0
2021-09-28,9:00:00,28/09/21 09:00,19.14285714,80.57142857,25.83333333,68.66666667,30.5,64,0
2021-09-28,10:00:00,28/09/21 10:00,21,71.66666667,26.66666667,70.58333333,31,65.16666667,0
2021-09-28,11:00:00,28/09/21 11:00,23,64.16666667,27.25,71,31,62.2,0
2021-09-28,12:00:00,28/09/21 12:00,24.16666667,58,28.16666667,69.75,31,63.33333333,0
2021-09-28,13:00:00,28/09/21 13:00,26,52.8,28.91666667,68.16666667,31.16666667,62.16666667,0
2021-09-28,14:00:00,28/09/21 14:00,27.16666667,48.66666667,30,65.66666667,32,61.16666667,0
2021-09-28,15:00:00,28/09/21 15:00,26.85714286,49,30.5,63.5,32.6,59,0
2021-09-28,16:00:00,28/09/21 16:00,26.33333333,50.66666667,30.33333333,60.25,32.83333333,56.5,0
2021-09-28,17:00:00,28/09/21 17:00,23.4,54,29.75,59.25,32.6,52.4,0
2021-09-28,18:00:00,28/09/21 18:00,20.66666667,62.33333333,29,60.16666667,32.25,55,0
2021-09-28,19:00:00,28/09/21 19:00,19,70.14285714,28.08333333,60.5,32,55,0
2021-09-28,20:00:00,28/09/21 20:00,17.83333333,76.5,27.58333333,60.83333333,32,58.2,0
2021-09-28,21:00:00,28/09/21 21:00,16.83333333,83.5,26.91666667,61.83333333,31.6,58,0
2021-09-28,22:00:00,28/09/21 22:00,17,84,26.5,62.16666667,31,59.5,0
2021-09-28,23:00:00,28/09/21 23:00,16.5,86.5,26.16666667,63.58333333,31,62.75,0